Location,Year,Date,Time,LoggerID,Measurement,Unit,Value,DaysAfterPlanting
"Jessore, Bangladesh",2017,2017-12-03,06:33:36,Weather Station,Day Length,Hours,10.66,0
"Jessore, Bangladesh",2017,2017-12-04,06:34:12,Weather Station,Day Length,Hours,10.65,1
"Jessore, Bangladesh",2017,2017-12-05,06:34:48,Weather Station,Day Length,Hours,10.64,2
"Jessore, Bangladesh",2017,2017-12-06,06:35:24,Weather Station,Day Length,Hours,10.63,3
"Jessore, Bangladesh",2017,2017-12-07,06:36:00,Weather Station,Day Length,Hours,10.63,4
"Jessore, Bangladesh",2017,2017-12-08,06:36:36,Weather Station,Day Length,Hours,10.62,5
"Jessore, Bangladesh",2017,2017-12-09,06:37:12,Weather Station,Day Length,Hours,10.61,6
"Jessore, Bangladesh",2017,2017-12-10,06:37:48,Weather Station,Day Length,Hours,10.61,7
"Jessore, Bangladesh",2017,2017-12-11,06:38:24,Weather Station,Day Length,Hours,10.6,8
"Jessore, Bangladesh",2017,2017-12-12,06:39:00,Weather Station,Day Length,Hours,10.6,9
"Jessore, Bangladesh",2017,2017-12-13,06:39:36,Weather Station,Day Length,Hours,10.59,10
"Jessore, Bangladesh",2017,2017-12-14,06:40:12,Weather Station,Day Length,Hours,10.59,11
"Jessore, Bangladesh",2017,2017-12-15,06:40:48,Weather Station,Day Length,Hours,10.58,12
"Jessore, Bangladesh",2017,2017-12-16,06:41:24,Weather Station,Day Length,Hours,10.58,13
"Jessore, Bangladesh",2017,2017-12-17,06:42:00,Weather Station,Day Length,Hours,10.58,14
"Jessore, Bangladesh",2017,2017-12-18,06:42:36,Weather Station,Day Length,Hours,10.58,15
"Jessore, Bangladesh",2017,2017-12-19,06:43:12,Weather Station,Day Length,Hours,10.57,16
"Jessore, Bangladesh",2017,2017-12-20,06:43:48,Weather Station,Day Length,Hours,10.57,17
"Jessore, Bangladesh",2017,2017-12-21,06:44:24,Weather Station,Day Length,Hours,10.57,18
"Jessore, Bangladesh",2017,2017-12-22,06:45:00,Weather Station,Day Length,Hours,10.57,19
"Jessore, Bangladesh",2017,2017-12-23,06:45:00,Weather Station,Day Length,Hours,10.57,20
"Jessore, Bangladesh",2017,2017-12-24,06:45:36,Weather Station,Day Length,Hours,10.57,21
"Jessore, Bangladesh",2017,2017-12-25,06:46:12,Weather Station,Day Length,Hours,10.58,22
"Jessore, Bangladesh",2017,2017-12-26,06:46:48,Weather Station,Day Length,Hours,10.58,23
"Jessore, Bangladesh",2017,2017-12-27,06:46:48,Weather Station,Day Length,Hours,10.58,24
"Jessore, Bangladesh",2017,2017-12-28,06:47:24,Weather Station,Day Length,Hours,10.59,25
"Jessore, Bangladesh",2017,2017-12-29,06:47:24,Weather Station,Day Length,Hours,10.59,26
"Jessore, Bangladesh",2017,2017-12-30,06:48:00,Weather Station,Day Length,Hours,10.59,27
"Jessore, Bangladesh",2017,2017-12-31,06:48:36,Weather Station,Day Length,Hours,10.6,28
"Jessore, Bangladesh",2017,2018-01-01,06:48:36,Weather Station,Day Length,Hours,10.6,29
"Jessore, Bangladesh",2017,2018-01-02,06:49:12,Weather Station,Day Length,Hours,10.61,30
"Jessore, Bangladesh",2017,2018-01-03,06:49:12,Weather Station,Day Length,Hours,10.62,31
"Jessore, Bangladesh",2017,2018-01-04,06:49:12,Weather Station,Day Length,Hours,10.62,32
"Jessore, Bangladesh",2017,2018-01-05,06:49:48,Weather Station,Day Length,Hours,10.63,33
"Jessore, Bangladesh",2017,2018-01-06,06:49:48,Weather Station,Day Length,Hours,10.64,34
"Jessore, Bangladesh",2017,2018-01-07,06:49:48,Weather Station,Day Length,Hours,10.65,35
"Jessore, Bangladesh",2017,2018-01-08,06:50:24,Weather Station,Day Length,Hours,10.66,36
"Jessore, Bangladesh",2017,2018-01-09,06:50:24,Weather Station,Day Length,Hours,10.67,37
"Jessore, Bangladesh",2017,2018-01-10,06:50:24,Weather Station,Day Length,Hours,10.68,38
"Jessore, Bangladesh",2017,2018-01-11,06:50:24,Weather Station,Day Length,Hours,10.69,39
"Jessore, Bangladesh",2017,2018-01-12,06:50:24,Weather Station,Day Length,Hours,10.7,40
"Jessore, Bangladesh",2017,2018-01-13,06:50:24,Weather Station,Day Length,Hours,10.71,41
"Jessore, Bangladesh",2017,2018-01-14,06:50:24,Weather Station,Day Length,Hours,10.72,42
"Jessore, Bangladesh",2017,2018-01-15,06:50:24,Weather Station,Day Length,Hours,10.73,43
"Jessore, Bangladesh",2017,2018-01-16,06:50:24,Weather Station,Day Length,Hours,10.75,44
"Jessore, Bangladesh",2017,2018-01-17,06:50:24,Weather Station,Day Length,Hours,10.76,45
"Jessore, Bangladesh",2017,2018-01-18,06:50:24,Weather Station,Day Length,Hours,10.77,46
"Jessore, Bangladesh",2017,2018-01-19,06:50:24,Weather Station,Day Length,Hours,10.79,47
"Jessore, Bangladesh",2017,2018-01-20,06:50:24,Weather Station,Day Length,Hours,10.8,48
"Jessore, Bangladesh",2017,2018-01-21,06:50:24,Weather Station,Day Length,Hours,10.81,49
"Jessore, Bangladesh",2017,2018-01-22,06:49:48,Weather Station,Day Length,Hours,10.83,50
"Jessore, Bangladesh",2017,2018-01-23,06:49:48,Weather Station,Day Length,Hours,10.84,51
"Jessore, Bangladesh",2017,2018-01-24,06:49:48,Weather Station,Day Length,Hours,10.86,52
"Jessore, Bangladesh",2017,2018-01-25,06:49:12,Weather Station,Day Length,Hours,10.88,53
"Jessore, Bangladesh",2017,2018-01-26,06:49:12,Weather Station,Day Length,Hours,10.89,54
"Jessore, Bangladesh",2017,2018-01-27,06:48:36,Weather Station,Day Length,Hours,10.91,55
"Jessore, Bangladesh",2017,2018-01-28,06:48:36,Weather Station,Day Length,Hours,10.92,56
"Jessore, Bangladesh",2017,2018-01-29,06:48:00,Weather Station,Day Length,Hours,10.94,57
"Jessore, Bangladesh",2017,2018-01-30,06:48:00,Weather Station,Day Length,Hours,10.96,58
"Jessore, Bangladesh",2017,2018-01-31,06:47:24,Weather Station,Day Length,Hours,10.98,59
"Jessore, Bangladesh",2017,2018-02-01,06:46:48,Weather Station,Day Length,Hours,10.99,60
"Jessore, Bangladesh",2017,2018-02-02,06:46:48,Weather Station,Day Length,Hours,11.01,61
"Jessore, Bangladesh",2017,2018-02-03,06:46:12,Weather Station,Day Length,Hours,11.03,62
"Jessore, Bangladesh",2017,2018-02-04,06:45:36,Weather Station,Day Length,Hours,11.05,63
"Jessore, Bangladesh",2017,2018-02-05,06:45:00,Weather Station,Day Length,Hours,11.07,64
"Jessore, Bangladesh",2017,2018-02-06,06:44:24,Weather Station,Day Length,Hours,11.09,65
"Jessore, Bangladesh",2017,2018-02-07,06:44:24,Weather Station,Day Length,Hours,11.11,66
"Jessore, Bangladesh",2017,2018-02-08,06:43:48,Weather Station,Day Length,Hours,11.13,67
"Jessore, Bangladesh",2017,2018-02-09,06:43:12,Weather Station,Day Length,Hours,11.15,68
"Jessore, Bangladesh",2017,2018-02-10,06:42:36,Weather Station,Day Length,Hours,11.17,69
"Jessore, Bangladesh",2017,2018-02-11,06:42:00,Weather Station,Day Length,Hours,11.19,70
"Jessore, Bangladesh",2017,2018-02-12,06:41:24,Weather Station,Day Length,Hours,11.21,71
"Jessore, Bangladesh",2017,2018-02-13,06:40:48,Weather Station,Day Length,Hours,11.23,72
"Jessore, Bangladesh",2017,2018-02-14,06:40:12,Weather Station,Day Length,Hours,11.25,73
"Jessore, Bangladesh",2017,2018-02-15,06:39:36,Weather Station,Day Length,Hours,11.27,74
"Jessore, Bangladesh",2017,2018-02-16,06:38:24,Weather Station,Day Length,Hours,11.29,75
"Jessore, Bangladesh",2017,2018-02-17,06:37:48,Weather Station,Day Length,Hours,11.31,76
"Jessore, Bangladesh",2017,2018-02-18,06:37:12,Weather Station,Day Length,Hours,11.33,77
"Jessore, Bangladesh",2017,2018-02-19,06:36:36,Weather Station,Day Length,Hours,11.35,78
"Jessore, Bangladesh",2017,2018-02-20,06:36:00,Weather Station,Day Length,Hours,11.37,79
"Jessore, Bangladesh",2017,2018-02-21,06:34:48,Weather Station,Day Length,Hours,11.39,80
"Jessore, Bangladesh",2017,2018-02-22,06:34:12,Weather Station,Day Length,Hours,11.42,81
"Jessore, Bangladesh",2017,2018-02-23,06:33:36,Weather Station,Day Length,Hours,11.44,82
"Jessore, Bangladesh",2017,2018-02-24,06:32:24,Weather Station,Day Length,Hours,11.46,83
"Jessore, Bangladesh",2017,2018-02-25,06:31:48,Weather Station,Day Length,Hours,11.48,84
"Jessore, Bangladesh",2017,2018-02-26,06:31:12,Weather Station,Day Length,Hours,11.5,85
"Jessore, Bangladesh",2017,2018-02-27,06:30:00,Weather Station,Day Length,Hours,11.52,86
"Jessore, Bangladesh",2017,2018-02-28,06:29:24,Weather Station,Day Length,Hours,11.55,87
"Jessore, Bangladesh",2017,2018-03-01,06:28:12,Weather Station,Day Length,Hours,11.57,88
"Jessore, Bangladesh",2017,2018-03-02,06:27:36,Weather Station,Day Length,Hours,11.59,89
"Jessore, Bangladesh",2017,2018-03-03,06:27:00,Weather Station,Day Length,Hours,11.61,90
"Jessore, Bangladesh",2017,2018-03-04,06:25:48,Weather Station,Day Length,Hours,11.64,91
"Jessore, Bangladesh",2017,2018-03-05,06:25:12,Weather Station,Day Length,Hours,11.66,92
"Jessore, Bangladesh",2017,2018-03-06,06:24:00,Weather Station,Day Length,Hours,11.68,93
"Jessore, Bangladesh",2017,2018-03-07,06:23:24,Weather Station,Day Length,Hours,11.7,94
"Jessore, Bangladesh",2017,2018-03-08,06:22:12,Weather Station,Day Length,Hours,11.73,95
"Jessore, Bangladesh",2017,2018-03-09,06:21:36,Weather Station,Day Length,Hours,11.75,96
"Jessore, Bangladesh",2017,2018-03-10,06:20:24,Weather Station,Day Length,Hours,11.77,97
"Jessore, Bangladesh",2017,2018-03-11,06:19:12,Weather Station,Day Length,Hours,11.79,98
"Jessore, Bangladesh",2017,2018-03-12,06:18:36,Weather Station,Day Length,Hours,11.82,99
"Jessore, Bangladesh",2017,2018-03-13,06:17:24,Weather Station,Day Length,Hours,11.84,100
"Jessore, Bangladesh",2017,2018-03-14,06:16:48,Weather Station,Day Length,Hours,11.86,101
"Jessore, Bangladesh",2017,2018-03-15,06:15:36,Weather Station,Day Length,Hours,11.88,102
"Jessore, Bangladesh",2017,2018-03-16,06:14:24,Weather Station,Day Length,Hours,11.91,103
"Jessore, Bangladesh",2017,2018-03-17,06:13:48,Weather Station,Day Length,Hours,11.93,104
"Jessore, Bangladesh",2017,2018-03-18,06:12:36,Weather Station,Day Length,Hours,11.95,105
"Jessore, Bangladesh",2017,2018-03-19,06:12:00,Weather Station,Day Length,Hours,11.97,106
"Jessore, Bangladesh",2017,2018-03-20,06:10:48,Weather Station,Day Length,Hours,12,107
"Jessore, Bangladesh",2017,2018-03-21,06:09:36,Weather Station,Day Length,Hours,12.02,108
"Jessore, Bangladesh",2017,2018-03-22,06:09:00,Weather Station,Day Length,Hours,12.04,109
"Jessore, Bangladesh",2017,2018-03-23,06:07:48,Weather Station,Day Length,Hours,12.06,110
"Jessore, Bangladesh",2017,2018-03-24,06:06:36,Weather Station,Day Length,Hours,12.09,111
"Jessore, Bangladesh",2017,2018-03-25,06:06:00,Weather Station,Day Length,Hours,12.11,112
"Jessore, Bangladesh",2017,2018-03-26,06:04:48,Weather Station,Day Length,Hours,12.13,113
"Jessore, Bangladesh",2017,2018-03-27,06:04:12,Weather Station,Day Length,Hours,12.15,114
"Jessore, Bangladesh",2017,2018-03-28,06:03:00,Weather Station,Day Length,Hours,12.18,115
"Jessore, Bangladesh",2017,2018-03-29,06:01:48,Weather Station,Day Length,Hours,12.2,116
"Jessore, Bangladesh",2017,2018-03-30,06:01:12,Weather Station,Day Length,Hours,12.22,117
"Jessore, Bangladesh",2017,2018-03-31,06:00:00,Weather Station,Day Length,Hours,12.24,118
"Jessore, Bangladesh",2017,2018-04-01,05:59:24,Weather Station,Day Length,Hours,12.27,119
"Jessore, Bangladesh",2017,2018-04-02,05:58:12,Weather Station,Day Length,Hours,12.29,120
"Jessore, Bangladesh",2017,2018-04-03,05:57:00,Weather Station,Day Length,Hours,12.31,121
"Jessore, Bangladesh",2017,2018-04-04,05:56:24,Weather Station,Day Length,Hours,12.33,122
"Jessore, Bangladesh",2017,2018-04-05,05:55:12,Weather Station,Day Length,Hours,12.35,123
"Jessore, Bangladesh",2017,2018-04-06,05:54:36,Weather Station,Day Length,Hours,12.38,124
"Jessore, Bangladesh",2017,2018-04-07,05:53:24,Weather Station,Day Length,Hours,12.4,125
"Jessore, Bangladesh",2017,2018-04-08,05:52:48,Weather Station,Day Length,Hours,12.42,126
"Jessore, Bangladesh",2017,2018-04-09,05:51:36,Weather Station,Day Length,Hours,12.44,127
"Jessore, Bangladesh",2017,2018-04-10,05:50:24,Weather Station,Day Length,Hours,12.46,128
"Jessore, Bangladesh",2017,2018-04-11,05:49:48,Weather Station,Day Length,Hours,12.48,129
"Jessore, Bangladesh",2017,2018-04-12,05:48:36,Weather Station,Day Length,Hours,12.51,130
"Jessore, Bangladesh",2017,2018-04-13,05:48:00,Weather Station,Day Length,Hours,12.53,131
"Jessore, Bangladesh",2017,2018-04-14,05:46:48,Weather Station,Day Length,Hours,12.55,132
"Jessore, Bangladesh",2017,2018-04-15,05:46:12,Weather Station,Day Length,Hours,12.57,133
"Jessore, Bangladesh",2017,2018-04-16,05:45:36,Weather Station,Day Length,Hours,12.59,134
"Jessore, Bangladesh",2017,2018-04-17,05:44:24,Weather Station,Day Length,Hours,12.61,135
"Jessore, Bangladesh",2017,2018-04-18,05:43:48,Weather Station,Day Length,Hours,12.63,136
"Jessore, Bangladesh",2017,2018-04-19,05:42:36,Weather Station,Day Length,Hours,12.65,137
"Jessore, Bangladesh",2017,2018-04-20,05:42:00,Weather Station,Day Length,Hours,12.67,138
"Jessore, Bangladesh",2017,2018-04-21,05:41:24,Weather Station,Day Length,Hours,12.69,139
"Jessore, Bangladesh",2017,2018-04-22,05:40:12,Weather Station,Day Length,Hours,12.71,140
"Jessore, Bangladesh",2017,2018-04-23,05:39:36,Weather Station,Day Length,Hours,12.73,141
"Jessore, Bangladesh",2017,2018-04-24,05:39:00,Weather Station,Day Length,Hours,12.75,142
"Jessore, Bangladesh",2017,2018-04-25,05:37:48,Weather Station,Day Length,Hours,12.77,143
"Jessore, Bangladesh",2017,2018-04-26,05:37:12,Weather Station,Day Length,Hours,12.79,144
"Jessore, Bangladesh",2017,2018-04-27,05:36:36,Weather Station,Day Length,Hours,12.81,145
"Jessore, Bangladesh",2017,2018-04-28,05:36:00,Weather Station,Day Length,Hours,12.83,146
"Jessore, Bangladesh",2017,2018-04-29,05:34:48,Weather Station,Day Length,Hours,12.85,147
"Jessore, Bangladesh",2017,2018-04-30,05:34:12,Weather Station,Day Length,Hours,12.87,148
"Jessore, Bangladesh",2017,2018-05-01,05:33:36,Weather Station,Day Length,Hours,12.89,149
"Jessore, Bangladesh",2017,2018-05-02,05:33:00,Weather Station,Day Length,Hours,12.91,150
"Jessore, Bangladesh",2017,2017-12-03,,Weather Station,Temperature,C,15.01,0
"Jessore, Bangladesh",2017,2017-12-04,,Weather Station,Temperature,C,15.08,1
"Jessore, Bangladesh",2017,2017-12-05,,Weather Station,Temperature,C,14.58,2
"Jessore, Bangladesh",2017,2017-12-06,,Weather Station,Temperature,C,15.99,3
"Jessore, Bangladesh",2017,2017-12-07,,Weather Station,Temperature,C,19.22,4
"Jessore, Bangladesh",2017,2017-12-08,,Weather Station,Temperature,C,20.25,5
"Jessore, Bangladesh",2017,2017-12-09,,Weather Station,Temperature,C,19.44,6
"Jessore, Bangladesh",2017,2017-12-10,,Weather Station,Temperature,C,21.58,7
"Jessore, Bangladesh",2017,2017-12-11,,Weather Station,Temperature,C,20.22,8
"Jessore, Bangladesh",2017,2017-12-12,,Weather Station,Temperature,C,19.22,9
"Jessore, Bangladesh",2017,2017-12-13,,Weather Station,Temperature,C,17.49,10
"Jessore, Bangladesh",2017,2017-12-14,,Weather Station,Temperature,C,15.65,11
"Jessore, Bangladesh",2017,2017-12-15,,Weather Station,Temperature,C,14.84,12
"Jessore, Bangladesh",2017,2017-12-16,,Weather Station,Temperature,C,12.19,13
"Jessore, Bangladesh",2017,2017-12-17,,Weather Station,Temperature,C,11.1,14
"Jessore, Bangladesh",2017,2017-12-18,,Weather Station,Temperature,C,14.89,15
"Jessore, Bangladesh",2017,2017-12-19,,Weather Station,Temperature,C,13.64,16
"Jessore, Bangladesh",2017,2017-12-20,,Weather Station,Temperature,C,12.92,17
"Jessore, Bangladesh",2017,2017-12-21,,Weather Station,Temperature,C,12.65,18
"Jessore, Bangladesh",2017,2017-12-22,,Weather Station,Temperature,C,11.93,19
"Jessore, Bangladesh",2017,2017-12-23,,Weather Station,Temperature,C,13.21,20
"Jessore, Bangladesh",2017,2017-12-24,,Weather Station,Temperature,C,12.12,21
"Jessore, Bangladesh",2017,2017-12-25,,Weather Station,Temperature,C,12.7,22
"Jessore, Bangladesh",2017,2017-12-26,,Weather Station,Temperature,C,12.53,23
"Jessore, Bangladesh",2017,2017-12-27,,Weather Station,Temperature,C,10.88,24
"Jessore, Bangladesh",2017,2017-12-28,,Weather Station,Temperature,C,12.46,25
"Jessore, Bangladesh",2017,2017-12-29,,Weather Station,Temperature,C,12.73,26
"Jessore, Bangladesh",2017,2017-12-30,,Weather Station,Temperature,C,11.54,27
"Jessore, Bangladesh",2017,2017-12-31,,Weather Station,Temperature,C,12.85,28
"Jessore, Bangladesh",2017,2018-01-01,,Weather Station,Temperature,C,11.86,29
"Jessore, Bangladesh",2017,2018-01-02,,Weather Station,Temperature,C,12.9,30
"Jessore, Bangladesh",2017,2018-01-03,,Weather Station,Temperature,C,9.26,31
"Jessore, Bangladesh",2017,2018-01-04,,Weather Station,Temperature,C,6.86,32
"Jessore, Bangladesh",2017,2018-01-05,,Weather Station,Temperature,C,8.19,33
"Jessore, Bangladesh",2017,2018-01-06,,Weather Station,Temperature,C,7.42,34
"Jessore, Bangladesh",2017,2018-01-07,,Weather Station,Temperature,C,5.39,35
"Jessore, Bangladesh",2017,2018-01-08,,Weather Station,Temperature,C,6.59,36
"Jessore, Bangladesh",2017,2018-01-09,,Weather Station,Temperature,C,5.51,37
"Jessore, Bangladesh",2017,2018-01-10,,Weather Station,Temperature,C,6.43,38
"Jessore, Bangladesh",2017,2018-01-11,,Weather Station,Temperature,C,6.56,39
"Jessore, Bangladesh",2017,2018-01-12,,Weather Station,Temperature,C,7.04,40
"Jessore, Bangladesh",2017,2018-01-13,,Weather Station,Temperature,C,9.34,41
"Jessore, Bangladesh",2017,2018-01-14,,Weather Station,Temperature,C,9.34,42
"Jessore, Bangladesh",2017,2018-01-15,,Weather Station,Temperature,C,8.79,43
"Jessore, Bangladesh",2017,2018-01-16,,Weather Station,Temperature,C,8.54,44
"Jessore, Bangladesh",2017,2018-01-17,,Weather Station,Temperature,C,8.12,45
"Jessore, Bangladesh",2017,2018-01-18,,Weather Station,Temperature,C,8.12,46
"Jessore, Bangladesh",2017,2018-01-19,,Weather Station,Temperature,C,8.02,47
"Jessore, Bangladesh",2017,2018-01-20,,Weather Station,Temperature,C,8.12,48
"Jessore, Bangladesh",2017,2018-01-21,,Weather Station,Temperature,C,9.04,49
"Jessore, Bangladesh",2017,2018-01-22,,Weather Station,Temperature,C,8.42,50
"Jessore, Bangladesh",2017,2018-01-23,,Weather Station,Temperature,C,9.76,51
"Jessore, Bangladesh",2017,2018-01-24,,Weather Station,Temperature,C,11.78,52
"Jessore, Bangladesh",2017,2018-01-25,,Weather Station,Temperature,C,10.25,53
"Jessore, Bangladesh",2017,2018-01-26,,Weather Station,Temperature,C,10.44,54
"Jessore, Bangladesh",2017,2018-01-27,,Weather Station,Temperature,C,8.77,55
"Jessore, Bangladesh",2017,2018-01-28,,Weather Station,Temperature,C,9.16,56
"Jessore, Bangladesh",2017,2018-01-29,,Weather Station,Temperature,C,9.06,57
"Jessore, Bangladesh",2017,2018-01-30,,Weather Station,Temperature,C,10.15,58
"Jessore, Bangladesh",2017,2018-01-31,,Weather Station,Temperature,C,11.54,59
"Jessore, Bangladesh",2017,2018-02-01,,Weather Station,Temperature,C,11.81,60
"Jessore, Bangladesh",2017,2018-02-02,,Weather Station,Temperature,C,12.29,61
"Jessore, Bangladesh",2017,2018-02-03,,Weather Station,Temperature,C,13.35,62
"Jessore, Bangladesh",2017,2018-02-04,,Weather Station,Temperature,C,17.51,63
"Jessore, Bangladesh",2017,2018-02-05,,Weather Station,Temperature,C,17.51,64
"Jessore, Bangladesh",2017,2018-02-06,,Weather Station,Temperature,C,15.58,65
"Jessore, Bangladesh",2017,2018-02-07,,Weather Station,Temperature,C,13.5,66
"Jessore, Bangladesh",2017,2018-02-08,,Weather Station,Temperature,C,15.7,67
"Jessore, Bangladesh",2017,2018-02-09,,Weather Station,Temperature,C,14.34,68
"Jessore, Bangladesh",2017,2018-02-10,,Weather Station,Temperature,C,17.87,69
"Jessore, Bangladesh",2017,2018-02-11,,Weather Station,Temperature,C,13.21,70
"Jessore, Bangladesh",2017,2018-02-12,,Weather Station,Temperature,C,14.24,71
"Jessore, Bangladesh",2017,2018-02-13,,Weather Station,Temperature,C,15.34,72
"Jessore, Bangladesh",2017,2018-02-14,,Weather Station,Temperature,C,14.17,73
"Jessore, Bangladesh",2017,2018-02-15,,Weather Station,Temperature,C,11.54,74
"Jessore, Bangladesh",2017,2018-02-16,,Weather Station,Temperature,C,12.97,75
"Jessore, Bangladesh",2017,2018-02-17,,Weather Station,Temperature,C,14.36,76
"Jessore, Bangladesh",2017,2018-02-18,,Weather Station,Temperature,C,14.96,77
"Jessore, Bangladesh",2017,2018-02-19,,Weather Station,Temperature,C,16.8,78
"Jessore, Bangladesh",2017,2018-02-20,,Weather Station,Temperature,C,17.39,79
"Jessore, Bangladesh",2017,2018-02-21,,Weather Station,Temperature,C,16.65,80
"Jessore, Bangladesh",2017,2018-02-22,,Weather Station,Temperature,C,16.61,81
"Jessore, Bangladesh",2017,2018-02-23,,Weather Station,Temperature,C,20.1,82
"Jessore, Bangladesh",2017,2018-02-24,,Weather Station,Temperature,C,17.94,83
"Jessore, Bangladesh",2017,2018-02-25,,Weather Station,Temperature,C,17.53,84
"Jessore, Bangladesh",2017,2018-02-26,,Weather Station,Temperature,C,19.17,85
"Jessore, Bangladesh",2017,2018-02-27,,Weather Station,Temperature,C,18.82,86
"Jessore, Bangladesh",2017,2018-02-28,,Weather Station,Temperature,C,17.77,87
"Jessore, Bangladesh",2017,2018-03-01,,Weather Station,Temperature,C,21.77,88
"Jessore, Bangladesh",2017,2018-03-02,,Weather Station,Temperature,C,21.77,89
"Jessore, Bangladesh",2017,2018-03-03,,Weather Station,Temperature,C,22.82,90
"Jessore, Bangladesh",2017,2018-03-04,,Weather Station,Temperature,C,20.32,91
"Jessore, Bangladesh",2017,2018-03-05,,Weather Station,Temperature,C,16.51,92
"Jessore, Bangladesh",2017,2018-03-06,,Weather Station,Temperature,C,13.5,93
"Jessore, Bangladesh",2017,2018-03-07,,Weather Station,Temperature,C,15.13,94
"Jessore, Bangladesh",2017,2018-03-08,,Weather Station,Temperature,C,16.15,95
"Jessore, Bangladesh",2017,2018-03-09,,Weather Station,Temperature,C,15.58,96
"Jessore, Bangladesh",2017,2018-03-10,,Weather Station,Temperature,C,17.75,97
"Jessore, Bangladesh",2017,2018-03-11,,Weather Station,Temperature,C,22.68,98
"Jessore, Bangladesh",2017,2018-03-12,,Weather Station,Temperature,C,17.8,99
"Jessore, Bangladesh",2017,2018-03-13,,Weather Station,Temperature,C,18.44,100
"Jessore, Bangladesh",2017,2018-03-14,,Weather Station,Temperature,C,24.41,101
"Jessore, Bangladesh",2017,2018-03-15,,Weather Station,Temperature,C,21.25,102
"Jessore, Bangladesh",2017,2018-03-16,,Weather Station,Temperature,C,19.22,103
"Jessore, Bangladesh",2017,2018-03-17,,Weather Station,Temperature,C,20.58,104
"Jessore, Bangladesh",2017,2018-03-18,,Weather Station,Temperature,C,16.25,105
"Jessore, Bangladesh",2017,2018-03-19,,Weather Station,Temperature,C,20.17,106
"Jessore, Bangladesh",2017,2018-03-20,,Weather Station,Temperature,C,22.63,107
"Jessore, Bangladesh",2017,2018-03-21,,Weather Station,Temperature,C,21.49,108
"Jessore, Bangladesh",2017,2018-03-22,,Weather Station,Temperature,C,22.87,109
"Jessore, Bangladesh",2017,2018-03-23,,Weather Station,Temperature,C,24.36,110
"Jessore, Bangladesh",2017,2018-03-24,,Weather Station,Temperature,C,22.35,111
"Jessore, Bangladesh",2017,2018-03-25,,Weather Station,Temperature,C,23.93,112
"Jessore, Bangladesh",2017,2018-03-26,,Weather Station,Temperature,C,23.52,113
"Jessore, Bangladesh",2017,2018-03-27,,Weather Station,Temperature,C,23.33,114
"Jessore, Bangladesh",2017,2018-03-28,,Weather Station,Temperature,C,24.05,115
"Jessore, Bangladesh",2017,2018-03-29,,Weather Station,Temperature,C,20.34,116
"Jessore, Bangladesh",2017,2018-03-30,,Weather Station,Temperature,C,18.72,117
"Jessore, Bangladesh",2017,2018-03-31,,Weather Station,Temperature,C,18.72,118
"Jessore, Bangladesh",2017,2018-04-01,,Weather Station,Temperature,C,19.29,119
"Jessore, Bangladesh",2017,2018-04-02,,Weather Station,Temperature,C,19.29,120
"Jessore, Bangladesh",2017,2018-04-03,,Weather Station,Temperature,C,20.53,121
"Jessore, Bangladesh",2017,2018-04-04,,Weather Station,Temperature,C,20.25,122
"Jessore, Bangladesh",2017,2018-04-05,,Weather Station,Temperature,C,20.41,123
"Jessore, Bangladesh",2017,2018-04-06,,Weather Station,Temperature,C,20.27,124
"Jessore, Bangladesh",2017,2018-04-07,,Weather Station,Temperature,C,20.53,125
"Jessore, Bangladesh",2017,2018-04-08,,Weather Station,Temperature,C,20.72,126
"Jessore, Bangladesh",2017,2018-04-09,,Weather Station,Temperature,C,20.01,127
"Jessore, Bangladesh",2017,2018-04-10,,Weather Station,Temperature,C,22.85,128
"Jessore, Bangladesh",2017,2018-04-11,,Weather Station,Temperature,C,19.22,129
"Jessore, Bangladesh",2017,2018-04-12,,Weather Station,Temperature,C,19.51,130
"Jessore, Bangladesh",2017,2018-04-13,,Weather Station,Temperature,C,24.6,131
"Jessore, Bangladesh",2017,2018-04-14,,Weather Station,Temperature,C,21.72,132
"Jessore, Bangladesh",2017,2018-04-15,,Weather Station,Temperature,C,23.71,133
"Jessore, Bangladesh",2017,2018-04-16,,Weather Station,Temperature,C,22.47,134
"Jessore, Bangladesh",2017,2018-04-17,,Weather Station,Temperature,C,21.06,135
"Jessore, Bangladesh",2017,2018-04-18,,Weather Station,Temperature,C,23.26,136
"Jessore, Bangladesh",2017,2018-04-19,,Weather Station,Temperature,C,26.06,137
"Jessore, Bangladesh",2017,2018-04-20,,Weather Station,Temperature,C,22.39,138
"Jessore, Bangladesh",2017,2018-04-21,,Weather Station,Temperature,C,19.41,139
"Jessore, Bangladesh",2017,2018-04-22,,Weather Station,Temperature,C,20.34,140
"Jessore, Bangladesh",2017,2018-04-23,,Weather Station,Temperature,C,23.69,141
"Jessore, Bangladesh",2017,2018-04-24,,Weather Station,Temperature,C,19.41,142
"Jessore, Bangladesh",2017,2018-04-25,,Weather Station,Temperature,C,21.65,143
"Jessore, Bangladesh",2017,2018-04-26,,Weather Station,Temperature,C,20.72,144
"Jessore, Bangladesh",2017,2018-04-27,,Weather Station,Temperature,C,20.34,145
"Jessore, Bangladesh",2017,2018-04-28,,Weather Station,Temperature,C,23.54,146
"Jessore, Bangladesh",2017,2018-04-29,,Weather Station,Temperature,C,23.69,147
"Jessore, Bangladesh",2017,2018-04-30,,Weather Station,Temperature,C,19.41,148
"Jessore, Bangladesh",2017,2017-12-03,,Weather Station,Temperature,C,30.09,0
"Jessore, Bangladesh",2017,2017-12-04,,Weather Station,Temperature,C,28.69,1
"Jessore, Bangladesh",2017,2017-12-05,,Weather Station,Temperature,C,29.77,2
"Jessore, Bangladesh",2017,2017-12-06,,Weather Station,Temperature,C,29.66,3
"Jessore, Bangladesh",2017,2017-12-07,,Weather Station,Temperature,C,30.52,4
"Jessore, Bangladesh",2017,2017-12-08,,Weather Station,Temperature,C,25.91,5
"Jessore, Bangladesh",2017,2017-12-09,,Weather Station,Temperature,C,22.25,6
"Jessore, Bangladesh",2017,2017-12-10,,Weather Station,Temperature,C,23.14,7
"Jessore, Bangladesh",2017,2017-12-11,,Weather Station,Temperature,C,28.12,8
"Jessore, Bangladesh",2017,2017-12-12,,Weather Station,Temperature,C,30.6,9
"Jessore, Bangladesh",2017,2017-12-13,,Weather Station,Temperature,C,30.44,10
"Jessore, Bangladesh",2017,2017-12-14,,Weather Station,Temperature,C,31,11
"Jessore, Bangladesh",2017,2017-12-15,,Weather Station,Temperature,C,28.79,12
"Jessore, Bangladesh",2017,2017-12-16,,Weather Station,Temperature,C,27.8,13
"Jessore, Bangladesh",2017,2017-12-17,,Weather Station,Temperature,C,26.96,14
"Jessore, Bangladesh",2017,2017-12-18,,Weather Station,Temperature,C,26.18,15
"Jessore, Bangladesh",2017,2017-12-19,,Weather Station,Temperature,C,23.59,16
"Jessore, Bangladesh",2017,2017-12-20,,Weather Station,Temperature,C,23.95,17
"Jessore, Bangladesh",2017,2017-12-21,,Weather Station,Temperature,C,26.6,18
"Jessore, Bangladesh",2017,2017-12-22,,Weather Station,Temperature,C,28.17,19
"Jessore, Bangladesh",2017,2017-12-23,,Weather Station,Temperature,C,28.99,20
"Jessore, Bangladesh",2017,2017-12-24,,Weather Station,Temperature,C,27.55,21
"Jessore, Bangladesh",2017,2017-12-25,,Weather Station,Temperature,C,28.07,22
"Jessore, Bangladesh",2017,2017-12-26,,Weather Station,Temperature,C,27.38,23
"Jessore, Bangladesh",2017,2017-12-27,,Weather Station,Temperature,C,28.62,24
"Jessore, Bangladesh",2017,2017-12-28,,Weather Station,Temperature,C,28.99,25
"Jessore, Bangladesh",2017,2017-12-29,,Weather Station,Temperature,C,27.85,26
"Jessore, Bangladesh",2017,2017-12-30,,Weather Station,Temperature,C,29.19,27
"Jessore, Bangladesh",2017,2017-12-31,,Weather Station,Temperature,C,29.87,28
"Jessore, Bangladesh",2017,2018-01-01,,Weather Station,Temperature,C,28.1,29
"Jessore, Bangladesh",2017,2018-01-02,,Weather Station,Temperature,C,27.65,30
"Jessore, Bangladesh",2017,2018-01-03,,Weather Station,Temperature,C,25.96,31
"Jessore, Bangladesh",2017,2018-01-04,,Weather Station,Temperature,C,18.56,32
"Jessore, Bangladesh",2017,2018-01-05,,Weather Station,Temperature,C,24.56,33
"Jessore, Bangladesh",2017,2018-01-06,,Weather Station,Temperature,C,25.72,34
"Jessore, Bangladesh",2017,2018-01-07,,Weather Station,Temperature,C,23.3,35
"Jessore, Bangladesh",2017,2018-01-08,,Weather Station,Temperature,C,22.08,36
"Jessore, Bangladesh",2017,2018-01-09,,Weather Station,Temperature,C,24.63,37
"Jessore, Bangladesh",2017,2018-01-10,,Weather Station,Temperature,C,24.03,38
"Jessore, Bangladesh",2017,2018-01-11,,Weather Station,Temperature,C,19.94,39
"Jessore, Bangladesh",2017,2018-01-12,,Weather Station,Temperature,C,22.06,40
"Jessore, Bangladesh",2017,2018-01-13,,Weather Station,Temperature,C,20.29,41
"Jessore, Bangladesh",2017,2018-01-14,,Weather Station,Temperature,C,20.96,42
"Jessore, Bangladesh",2017,2018-01-15,,Weather Station,Temperature,C,24.63,43
"Jessore, Bangladesh",2017,2018-01-16,,Weather Station,Temperature,C,24.56,44
"Jessore, Bangladesh",2017,2018-01-17,,Weather Station,Temperature,C,25.82,45
"Jessore, Bangladesh",2017,2018-01-18,,Weather Station,Temperature,C,25.82,46
"Jessore, Bangladesh",2017,2018-01-19,,Weather Station,Temperature,C,28.15,47
"Jessore, Bangladesh",2017,2018-01-20,,Weather Station,Temperature,C,26.57,48
"Jessore, Bangladesh",2017,2018-01-21,,Weather Station,Temperature,C,26.48,49
"Jessore, Bangladesh",2017,2018-01-22,,Weather Station,Temperature,C,27.01,50
"Jessore, Bangladesh",2017,2018-01-23,,Weather Station,Temperature,C,28.32,51
"Jessore, Bangladesh",2017,2018-01-24,,Weather Station,Temperature,C,29.19,52
"Jessore, Bangladesh",2017,2018-01-25,,Weather Station,Temperature,C,27.28,53
"Jessore, Bangladesh",2017,2018-01-26,,Weather Station,Temperature,C,25.38,54
"Jessore, Bangladesh",2017,2018-01-27,,Weather Station,Temperature,C,27.19,55
"Jessore, Bangladesh",2017,2018-01-28,,Weather Station,Temperature,C,27.31,56
"Jessore, Bangladesh",2017,2018-01-29,,Weather Station,Temperature,C,27.43,57
"Jessore, Bangladesh",2017,2018-01-30,,Weather Station,Temperature,C,28.77,58
"Jessore, Bangladesh",2017,2018-01-31,,Weather Station,Temperature,C,27.33,59
"Jessore, Bangladesh",2017,2018-02-01,,Weather Station,Temperature,C,28.47,60
"Jessore, Bangladesh",2017,2018-02-02,,Weather Station,Temperature,C,29.71,61
"Jessore, Bangladesh",2017,2018-02-03,,Weather Station,Temperature,C,31.46,62
"Jessore, Bangladesh",2017,2018-02-04,,Weather Station,Temperature,C,30.39,63
"Jessore, Bangladesh",2017,2018-02-05,,Weather Station,Temperature,C,30.87,64
"Jessore, Bangladesh",2017,2018-02-06,,Weather Station,Temperature,C,31.56,65
"Jessore, Bangladesh",2017,2018-02-07,,Weather Station,Temperature,C,29.49,66
"Jessore, Bangladesh",2017,2018-02-08,,Weather Station,Temperature,C,29.49,67
"Jessore, Bangladesh",2017,2018-02-09,,Weather Station,Temperature,C,33.11,68
"Jessore, Bangladesh",2017,2018-02-10,,Weather Station,Temperature,C,29.92,69
"Jessore, Bangladesh",2017,2018-02-11,,Weather Station,Temperature,C,30.62,70
"Jessore, Bangladesh",2017,2018-02-12,,Weather Station,Temperature,C,23.04,71
"Jessore, Bangladesh",2017,2018-02-13,,Weather Station,Temperature,C,31.79,72
"Jessore, Bangladesh",2017,2018-02-14,,Weather Station,Temperature,C,30.98,73
"Jessore, Bangladesh",2017,2018-02-15,,Weather Station,Temperature,C,29.46,74
"Jessore, Bangladesh",2017,2018-02-16,,Weather Station,Temperature,C,30.57,75
"Jessore, Bangladesh",2017,2018-02-17,,Weather Station,Temperature,C,31.33,76
"Jessore, Bangladesh",2017,2018-02-18,,Weather Station,Temperature,C,32.82,77
"Jessore, Bangladesh",2017,2018-02-19,,Weather Station,Temperature,C,32.87,78
"Jessore, Bangladesh",2017,2018-02-20,,Weather Station,Temperature,C,34.28,79
"Jessore, Bangladesh",2017,2018-02-21,,Weather Station,Temperature,C,32.85,80
"Jessore, Bangladesh",2017,2018-02-22,,Weather Station,Temperature,C,33.7,81
"Jessore, Bangladesh",2017,2018-02-23,,Weather Station,Temperature,C,35.85,82
"Jessore, Bangladesh",2017,2018-02-24,,Weather Station,Temperature,C,34.94,83
"Jessore, Bangladesh",2017,2018-02-25,,Weather Station,Temperature,C,35.96,84
"Jessore, Bangladesh",2017,2018-02-26,,Weather Station,Temperature,C,35.34,85
"Jessore, Bangladesh",2017,2018-02-27,,Weather Station,Temperature,C,34.89,86
"Jessore, Bangladesh",2017,2018-02-28,,Weather Station,Temperature,C,35.45,87
"Jessore, Bangladesh",2017,2018-03-01,,Weather Station,Temperature,C,36.71,88
"Jessore, Bangladesh",2017,2018-03-02,,Weather Station,Temperature,C,36.71,89
"Jessore, Bangladesh",2017,2018-03-03,,Weather Station,Temperature,C,37.73,90
"Jessore, Bangladesh",2017,2018-03-04,,Weather Station,Temperature,C,36.82,91
"Jessore, Bangladesh",2017,2018-03-05,,Weather Station,Temperature,C,34.86,92
"Jessore, Bangladesh",2017,2018-03-06,,Weather Station,Temperature,C,35.64,93
"Jessore, Bangladesh",2017,2018-03-07,,Weather Station,Temperature,C,35.1,94
"Jessore, Bangladesh",2017,2018-03-08,,Weather Station,Temperature,C,35.72,95
"Jessore, Bangladesh",2017,2018-03-09,,Weather Station,Temperature,C,37.23,96
"Jessore, Bangladesh",2017,2018-03-10,,Weather Station,Temperature,C,37.84,97
"Jessore, Bangladesh",2017,2018-03-11,,Weather Station,Temperature,C,39.18,98
"Jessore, Bangladesh",2017,2018-03-12,,Weather Station,Temperature,C,38.59,99
"Jessore, Bangladesh",2017,2018-03-13,,Weather Station,Temperature,C,37.73,100
"Jessore, Bangladesh",2017,2018-03-14,,Weather Station,Temperature,C,35.31,101
"Jessore, Bangladesh",2017,2018-03-15,,Weather Station,Temperature,C,38,102
"Jessore, Bangladesh",2017,2018-03-16,,Weather Station,Temperature,C,37.67,103
"Jessore, Bangladesh",2017,2018-03-17,,Weather Station,Temperature,C,39.46,104
"Jessore, Bangladesh",2017,2018-03-18,,Weather Station,Temperature,C,37.78,105
"Jessore, Bangladesh",2017,2018-03-19,,Weather Station,Temperature,C,37.73,106
"Jessore, Bangladesh",2017,2018-03-20,,Weather Station,Temperature,C,37.48,107
"Jessore, Bangladesh",2017,2018-03-21,,Weather Station,Temperature,C,35.66,108
"Jessore, Bangladesh",2017,2018-03-22,,Weather Station,Temperature,C,37.62,109
"Jessore, Bangladesh",2017,2018-03-23,,Weather Station,Temperature,C,38.9,110
"Jessore, Bangladesh",2017,2018-03-24,,Weather Station,Temperature,C,37.29,111
"Jessore, Bangladesh",2017,2018-03-25,,Weather Station,Temperature,C,38.2,112
"Jessore, Bangladesh",2017,2018-03-26,,Weather Station,Temperature,C,36.39,113
"Jessore, Bangladesh",2017,2018-03-27,,Weather Station,Temperature,C,36.47,114
"Jessore, Bangladesh",2017,2018-03-28,,Weather Station,Temperature,C,35.64,115
"Jessore, Bangladesh",2017,2018-03-29,,Weather Station,Temperature,C,35.64,116
"Jessore, Bangladesh",2017,2018-03-30,,Weather Station,Temperature,C,37.18,117
"Jessore, Bangladesh",2017,2018-03-31,,Weather Station,Temperature,C,37.18,118
"Jessore, Bangladesh",2017,2018-04-01,,Weather Station,Temperature,C,31.64,119
"Jessore, Bangladesh",2017,2018-04-02,,Weather Station,Temperature,C,31.64,120
"Jessore, Bangladesh",2017,2018-04-03,,Weather Station,Temperature,C,37.48,121
"Jessore, Bangladesh",2017,2018-04-04,,Weather Station,Temperature,C,35.77,122
"Jessore, Bangladesh",2017,2018-04-05,,Weather Station,Temperature,C,36.09,123
"Jessore, Bangladesh",2017,2018-04-06,,Weather Station,Temperature,C,37.01,124
"Jessore, Bangladesh",2017,2018-04-07,,Weather Station,Temperature,C,34.28,125
"Jessore, Bangladesh",2017,2018-04-08,,Weather Station,Temperature,C,36.28,126
"Jessore, Bangladesh",2017,2018-04-09,,Weather Station,Temperature,C,35.9,127
"Jessore, Bangladesh",2017,2018-04-10,,Weather Station,Temperature,C,35.21,128
"Jessore, Bangladesh",2017,2018-04-11,,Weather Station,Temperature,C,36.61,129
"Jessore, Bangladesh",2017,2018-04-12,,Weather Station,Temperature,C,35.21,130
"Jessore, Bangladesh",2017,2018-04-13,,Weather Station,Temperature,C,37.76,131
"Jessore, Bangladesh",2017,2018-04-14,,Weather Station,Temperature,C,38.11,132
"Jessore, Bangladesh",2017,2018-04-15,,Weather Station,Temperature,C,38.62,133
"Jessore, Bangladesh",2017,2018-04-16,,Weather Station,Temperature,C,38.59,134
"Jessore, Bangladesh",2017,2018-04-17,,Weather Station,Temperature,C,35.96,135
"Jessore, Bangladesh",2017,2018-04-18,,Weather Station,Temperature,C,38.31,136
"Jessore, Bangladesh",2017,2018-04-19,,Weather Station,Temperature,C,37.23,137
"Jessore, Bangladesh",2017,2018-04-20,,Weather Station,Temperature,C,39.8,138
"Jessore, Bangladesh",2017,2018-04-21,,Weather Station,Temperature,C,38.98,139
"Jessore, Bangladesh",2017,2018-04-22,,Weather Station,Temperature,C,35.96,140
"Jessore, Bangladesh",2017,2018-04-23,,Weather Station,Temperature,C,35.53,141
"Jessore, Bangladesh",2017,2018-04-24,,Weather Station,Temperature,C,32.3,142
"Jessore, Bangladesh",2017,2018-04-25,,Weather Station,Temperature,C,35.16,143
"Jessore, Bangladesh",2017,2018-04-26,,Weather Station,Temperature,C,35.96,144
"Jessore, Bangladesh",2017,2018-04-27,,Weather Station,Temperature,C,33.03,145
"Jessore, Bangladesh",2017,2018-04-28,,Weather Station,Temperature,C,38.98,146
"Jessore, Bangladesh",2017,2018-04-29,,Weather Station,Temperature,C,35.53,147
"Jessore, Bangladesh",2017,2018-04-30,,Weather Station,Temperature,C,32.3,148
"Jessore, Bangladesh",2017,2017-12-03,,Weather Station,Precipitation,mm,0,0
"Jessore, Bangladesh",2017,2017-12-04,,Weather Station,Precipitation,mm,0,1
"Jessore, Bangladesh",2017,2017-12-05,,Weather Station,Precipitation,mm,0,2
"Jessore, Bangladesh",2017,2017-12-06,,Weather Station,Precipitation,mm,0,3
"Jessore, Bangladesh",2017,2017-12-07,,Weather Station,Precipitation,mm,0,4
"Jessore, Bangladesh",2017,2017-12-08,,Weather Station,Precipitation,mm,0,5
"Jessore, Bangladesh",2017,2017-12-09,,Weather Station,Precipitation,mm,10.2,6
"Jessore, Bangladesh",2017,2017-12-10,,Weather Station,Precipitation,mm,9.8,7
"Jessore, Bangladesh",2017,2017-12-11,,Weather Station,Precipitation,mm,0.2,8
"Jessore, Bangladesh",2017,2017-12-12,,Weather Station,Precipitation,mm,0,9
"Jessore, Bangladesh",2017,2017-12-13,,Weather Station,Precipitation,mm,0,10
"Jessore, Bangladesh",2017,2017-12-14,,Weather Station,Precipitation,mm,0,11
"Jessore, Bangladesh",2017,2017-12-15,,Weather Station,Precipitation,mm,0,12
"Jessore, Bangladesh",2017,2017-12-16,,Weather Station,Precipitation,mm,0,13
"Jessore, Bangladesh",2017,2017-12-17,,Weather Station,Precipitation,mm,0,14
"Jessore, Bangladesh",2017,2017-12-18,,Weather Station,Precipitation,mm,0,15
"Jessore, Bangladesh",2017,2017-12-19,,Weather Station,Precipitation,mm,0,16
"Jessore, Bangladesh",2017,2017-12-20,,Weather Station,Precipitation,mm,0,17
"Jessore, Bangladesh",2017,2017-12-21,,Weather Station,Precipitation,mm,0,18
"Jessore, Bangladesh",2017,2017-12-22,,Weather Station,Precipitation,mm,0,19
"Jessore, Bangladesh",2017,2017-12-23,,Weather Station,Precipitation,mm,0,20
"Jessore, Bangladesh",2017,2017-12-24,,Weather Station,Precipitation,mm,0,21
"Jessore, Bangladesh",2017,2017-12-25,,Weather Station,Precipitation,mm,0,22
"Jessore, Bangladesh",2017,2017-12-26,,Weather Station,Precipitation,mm,0,23
"Jessore, Bangladesh",2017,2017-12-27,,Weather Station,Precipitation,mm,0,24
"Jessore, Bangladesh",2017,2017-12-28,,Weather Station,Precipitation,mm,0,25
"Jessore, Bangladesh",2017,2017-12-29,,Weather Station,Precipitation,mm,0,26
"Jessore, Bangladesh",2017,2017-12-30,,Weather Station,Precipitation,mm,0.2,27
"Jessore, Bangladesh",2017,2017-12-31,,Weather Station,Precipitation,mm,0,28
"Jessore, Bangladesh",2017,2018-01-01,,Weather Station,Precipitation,mm,0,29
"Jessore, Bangladesh",2017,2018-01-02,,Weather Station,Precipitation,mm,0,30
"Jessore, Bangladesh",2017,2018-01-03,,Weather Station,Precipitation,mm,0,31
"Jessore, Bangladesh",2017,2018-01-04,,Weather Station,Precipitation,mm,0,32
"Jessore, Bangladesh",2017,2018-01-05,,Weather Station,Precipitation,mm,0,33
"Jessore, Bangladesh",2017,2018-01-06,,Weather Station,Precipitation,mm,0,34
"Jessore, Bangladesh",2017,2018-01-07,,Weather Station,Precipitation,mm,0,35
"Jessore, Bangladesh",2017,2018-01-08,,Weather Station,Precipitation,mm,0,36
"Jessore, Bangladesh",2017,2018-01-09,,Weather Station,Precipitation,mm,0,37
"Jessore, Bangladesh",2017,2018-01-10,,Weather Station,Precipitation,mm,0,38
"Jessore, Bangladesh",2017,2018-01-11,,Weather Station,Precipitation,mm,0,39
"Jessore, Bangladesh",2017,2018-01-12,,Weather Station,Precipitation,mm,0,40
"Jessore, Bangladesh",2017,2018-01-13,,Weather Station,Precipitation,mm,0,41
"Jessore, Bangladesh",2017,2018-01-14,,Weather Station,Precipitation,mm,0,42
"Jessore, Bangladesh",2017,2018-01-15,,Weather Station,Precipitation,mm,0,43
"Jessore, Bangladesh",2017,2018-01-16,,Weather Station,Precipitation,mm,0,44
"Jessore, Bangladesh",2017,2018-01-17,,Weather Station,Precipitation,mm,0,45
"Jessore, Bangladesh",2017,2018-01-18,,Weather Station,Precipitation,mm,0,46
"Jessore, Bangladesh",2017,2018-01-19,,Weather Station,Precipitation,mm,0,47
"Jessore, Bangladesh",2017,2018-01-20,,Weather Station,Precipitation,mm,0,48
"Jessore, Bangladesh",2017,2018-01-21,,Weather Station,Precipitation,mm,0,49
"Jessore, Bangladesh",2017,2018-01-22,,Weather Station,Precipitation,mm,0,50
"Jessore, Bangladesh",2017,2018-01-23,,Weather Station,Precipitation,mm,0,51
"Jessore, Bangladesh",2017,2018-01-24,,Weather Station,Precipitation,mm,0,52
"Jessore, Bangladesh",2017,2018-01-25,,Weather Station,Precipitation,mm,0,53
"Jessore, Bangladesh",2017,2018-01-26,,Weather Station,Precipitation,mm,0,54
"Jessore, Bangladesh",2017,2018-01-27,,Weather Station,Precipitation,mm,0,55
"Jessore, Bangladesh",2017,2018-01-28,,Weather Station,Precipitation,mm,0,56
"Jessore, Bangladesh",2017,2018-01-29,,Weather Station,Precipitation,mm,0,57
"Jessore, Bangladesh",2017,2018-01-30,,Weather Station,Precipitation,mm,0,58
"Jessore, Bangladesh",2017,2018-01-31,,Weather Station,Precipitation,mm,0,59
"Jessore, Bangladesh",2017,2018-02-01,,Weather Station,Precipitation,mm,0,60
"Jessore, Bangladesh",2017,2018-02-02,,Weather Station,Precipitation,mm,0,61
"Jessore, Bangladesh",2017,2018-02-03,,Weather Station,Precipitation,mm,0,62
"Jessore, Bangladesh",2017,2018-02-04,,Weather Station,Precipitation,mm,0,63
"Jessore, Bangladesh",2017,2018-02-05,,Weather Station,Precipitation,mm,0,64
"Jessore, Bangladesh",2017,2018-02-06,,Weather Station,Precipitation,mm,0,65
"Jessore, Bangladesh",2017,2018-02-07,,Weather Station,Precipitation,mm,0,66
"Jessore, Bangladesh",2017,2018-02-08,,Weather Station,Precipitation,mm,0,67
"Jessore, Bangladesh",2017,2018-02-09,,Weather Station,Precipitation,mm,0,68
"Jessore, Bangladesh",2017,2018-02-10,,Weather Station,Precipitation,mm,0.2,69
"Jessore, Bangladesh",2017,2018-02-11,,Weather Station,Precipitation,mm,0,70
"Jessore, Bangladesh",2017,2018-02-12,,Weather Station,Precipitation,mm,0,71
"Jessore, Bangladesh",2017,2018-02-13,,Weather Station,Precipitation,mm,0,72
"Jessore, Bangladesh",2017,2018-02-14,,Weather Station,Precipitation,mm,0,73
"Jessore, Bangladesh",2017,2018-02-15,,Weather Station,Precipitation,mm,0,74
"Jessore, Bangladesh",2017,2018-02-16,,Weather Station,Precipitation,mm,0,75
"Jessore, Bangladesh",2017,2018-02-17,,Weather Station,Precipitation,mm,0,76
"Jessore, Bangladesh",2017,2018-02-18,,Weather Station,Precipitation,mm,0,77
"Jessore, Bangladesh",2017,2018-02-19,,Weather Station,Precipitation,mm,0,78
"Jessore, Bangladesh",2017,2018-02-20,,Weather Station,Precipitation,mm,0,79
"Jessore, Bangladesh",2017,2018-02-21,,Weather Station,Precipitation,mm,0,80
"Jessore, Bangladesh",2017,2018-02-22,,Weather Station,Precipitation,mm,0,81
"Jessore, Bangladesh",2017,2018-02-23,,Weather Station,Precipitation,mm,0,82
"Jessore, Bangladesh",2017,2018-02-24,,Weather Station,Precipitation,mm,0,83
"Jessore, Bangladesh",2017,2018-02-25,,Weather Station,Precipitation,mm,0,84
"Jessore, Bangladesh",2017,2018-02-26,,Weather Station,Precipitation,mm,0.4,85
"Jessore, Bangladesh",2017,2018-02-27,,Weather Station,Precipitation,mm,0,86
"Jessore, Bangladesh",2017,2018-02-28,,Weather Station,Precipitation,mm,0,87
"Jessore, Bangladesh",2017,2018-03-01,,Weather Station,Precipitation,mm,0,88
"Jessore, Bangladesh",2017,2018-03-02,,Weather Station,Precipitation,mm,0,89
"Jessore, Bangladesh",2017,2018-03-03,,Weather Station,Precipitation,mm,0,90
"Jessore, Bangladesh",2017,2018-03-04,,Weather Station,Precipitation,mm,0.2,91
"Jessore, Bangladesh",2017,2018-03-05,,Weather Station,Precipitation,mm,0,92
"Jessore, Bangladesh",2017,2018-03-06,,Weather Station,Precipitation,mm,0,93
"Jessore, Bangladesh",2017,2018-03-07,,Weather Station,Precipitation,mm,0,94
"Jessore, Bangladesh",2017,2018-03-08,,Weather Station,Precipitation,mm,0,95
"Jessore, Bangladesh",2017,2018-03-09,,Weather Station,Precipitation,mm,0,96
"Jessore, Bangladesh",2017,2018-03-10,,Weather Station,Precipitation,mm,0,97
"Jessore, Bangladesh",2017,2018-03-11,,Weather Station,Precipitation,mm,0,98
"Jessore, Bangladesh",2017,2018-03-12,,Weather Station,Precipitation,mm,0,99
"Jessore, Bangladesh",2017,2018-03-13,,Weather Station,Precipitation,mm,0,100
"Jessore, Bangladesh",2017,2018-03-14,,Weather Station,Precipitation,mm,0,101
"Jessore, Bangladesh",2017,2018-03-15,,Weather Station,Precipitation,mm,0,102
"Jessore, Bangladesh",2017,2018-03-16,,Weather Station,Precipitation,mm,0,103
"Jessore, Bangladesh",2017,2018-03-17,,Weather Station,Precipitation,mm,0.2,104
"Jessore, Bangladesh",2017,2018-03-18,,Weather Station,Precipitation,mm,0,105
"Jessore, Bangladesh",2017,2018-03-19,,Weather Station,Precipitation,mm,0,106
"Jessore, Bangladesh",2017,2018-03-20,,Weather Station,Precipitation,mm,0,107
"Jessore, Bangladesh",2017,2018-03-21,,Weather Station,Precipitation,mm,0,108
"Jessore, Bangladesh",2017,2018-03-22,,Weather Station,Precipitation,mm,0,109
"Jessore, Bangladesh",2017,2018-03-23,,Weather Station,Precipitation,mm,0.2,110
"Jessore, Bangladesh",2017,2018-03-24,,Weather Station,Precipitation,mm,0,111
"Jessore, Bangladesh",2017,2018-03-25,,Weather Station,Precipitation,mm,0,112
"Jessore, Bangladesh",2017,2018-03-26,,Weather Station,Precipitation,mm,0,113
"Jessore, Bangladesh",2017,2018-03-27,,Weather Station,Precipitation,mm,0,114
"Jessore, Bangladesh",2017,2018-03-28,,Weather Station,Precipitation,mm,0,115
"Jessore, Bangladesh",2017,2018-03-29,,Weather Station,Precipitation,mm,0,116
"Jessore, Bangladesh",2017,2018-03-30,,Weather Station,Precipitation,mm,0,117
"Jessore, Bangladesh",2017,2018-03-31,,Weather Station,Precipitation,mm,0.2,118
"Jessore, Bangladesh",2017,2018-04-01,,Weather Station,Precipitation,mm,0,119
"Jessore, Bangladesh",2017,2018-04-02,,Weather Station,Precipitation,mm,0,120
"Jessore, Bangladesh",2017,2018-04-03,,Weather Station,Precipitation,mm,0,121
"Jessore, Bangladesh",2017,2018-04-04,,Weather Station,Precipitation,mm,0,122
"Jessore, Bangladesh",2017,2018-04-05,,Weather Station,Precipitation,mm,11.6,123
"Jessore, Bangladesh",2017,2018-04-06,,Weather Station,Precipitation,mm,0,124
"Jessore, Bangladesh",2017,2018-04-07,,Weather Station,Precipitation,mm,38,125
"Jessore, Bangladesh",2017,2018-04-08,,Weather Station,Precipitation,mm,0.6,126
"Jessore, Bangladesh",2017,2018-04-09,,Weather Station,Precipitation,mm,0.2,127
"Jessore, Bangladesh",2017,2018-04-10,,Weather Station,Precipitation,mm,1,128
"Jessore, Bangladesh",2017,2018-04-11,,Weather Station,Precipitation,mm,0,129
"Jessore, Bangladesh",2017,2018-04-12,,Weather Station,Precipitation,mm,93,130
"Jessore, Bangladesh",2017,2018-04-13,,Weather Station,Precipitation,mm,0,131
"Jessore, Bangladesh",2017,2018-04-14,,Weather Station,Precipitation,mm,0,132
"Jessore, Bangladesh",2017,2018-04-15,,Weather Station,Precipitation,mm,0,133
"Jessore, Bangladesh",2017,2018-04-16,,Weather Station,Precipitation,mm,0,134
"Jessore, Bangladesh",2017,2018-04-17,,Weather Station,Precipitation,mm,1.2,135
"Jessore, Bangladesh",2017,2018-04-18,,Weather Station,Precipitation,mm,0,136
"Jessore, Bangladesh",2017,2018-04-19,,Weather Station,Precipitation,mm,0,137
"Jessore, Bangladesh",2017,2018-04-20,,Weather Station,Precipitation,mm,0,138
"Jessore, Bangladesh",2017,2018-04-21,,Weather Station,Precipitation,mm,0,139
"Jessore, Bangladesh",2017,2018-04-22,,Weather Station,Precipitation,mm,3.2,140
"Jessore, Bangladesh",2017,2018-04-23,,Weather Station,Precipitation,mm,0,141
"Jessore, Bangladesh",2017,2018-04-24,,Weather Station,Precipitation,mm,0,142
"Jessore, Bangladesh",2017,2018-04-25,,Weather Station,Precipitation,mm,0,143
"Jessore, Bangladesh",2017,2018-04-26,,Weather Station,Precipitation,mm,0.2,144
"Jessore, Bangladesh",2017,2018-04-27,,Weather Station,Precipitation,mm,0,145
"Jessore, Bangladesh",2017,2018-04-28,,Weather Station,Precipitation,mm,0,146
"Jessore, Bangladesh",2017,2018-04-29,,Weather Station,Precipitation,mm,0,147
"Jessore, Bangladesh",2017,2018-04-30,,Weather Station,Precipitation,mm,19.4,148
"Jessore, Bangladesh",2017,2017-10-01,,Weather Station,Maximum Temperature,C,32,
"Jessore, Bangladesh",2017,2017-10-02,,Weather Station,Maximum Temperature,C,32.4,
"Jessore, Bangladesh",2017,2017-10-03,,Weather Station,Maximum Temperature,C,31,
"Jessore, Bangladesh",2017,2017-10-04,,Weather Station,Maximum Temperature,C,31.2,
"Jessore, Bangladesh",2017,2017-10-05,,Weather Station,Maximum Temperature,C,30.7,
"Jessore, Bangladesh",2017,2017-10-06,,Weather Station,Maximum Temperature,C,30.6,
"Jessore, Bangladesh",2017,2017-10-07,,Weather Station,Maximum Temperature,C,30.5,
"Jessore, Bangladesh",2017,2017-10-08,,Weather Station,Maximum Temperature,C,31,
"Jessore, Bangladesh",2017,2017-10-09,,Weather Station,Maximum Temperature,C,31.6,
"Jessore, Bangladesh",2017,2017-10-10,,Weather Station,Maximum Temperature,C,30.9,
"Jessore, Bangladesh",2017,2017-10-11,,Weather Station,Maximum Temperature,C,30.7,
"Jessore, Bangladesh",2017,2017-10-12,,Weather Station,Maximum Temperature,C,31.5,
"Jessore, Bangladesh",2017,2017-10-13,,Weather Station,Maximum Temperature,C,30.8,
"Jessore, Bangladesh",2017,2017-10-14,,Weather Station,Maximum Temperature,C,31.6,
"Jessore, Bangladesh",2017,2017-10-15,,Weather Station,Maximum Temperature,C,30.7,
"Jessore, Bangladesh",2017,2017-10-16,,Weather Station,Maximum Temperature,C,31.5,
"Jessore, Bangladesh",2017,2017-10-17,,Weather Station,Maximum Temperature,C,31.9,
"Jessore, Bangladesh",2017,2017-10-18,,Weather Station,Maximum Temperature,C,29.6,
"Jessore, Bangladesh",2017,2017-10-19,,Weather Station,Maximum Temperature,C,29.5,
"Jessore, Bangladesh",2017,2017-10-20,,Weather Station,Maximum Temperature,C,28.8,
"Jessore, Bangladesh",2017,2017-10-21,,Weather Station,Maximum Temperature,C,30.2,
"Jessore, Bangladesh",2017,2017-10-22,,Weather Station,Maximum Temperature,C,29.6,
"Jessore, Bangladesh",2017,2017-10-23,,Weather Station,Maximum Temperature,C,29.5,
"Jessore, Bangladesh",2017,2017-10-24,,Weather Station,Maximum Temperature,C,29.9,
"Jessore, Bangladesh",2017,2017-10-25,,Weather Station,Maximum Temperature,C,29,
"Jessore, Bangladesh",2017,2017-10-26,,Weather Station,Maximum Temperature,C,30.2,
"Jessore, Bangladesh",2017,2017-10-27,,Weather Station,Maximum Temperature,C,30.7,
"Jessore, Bangladesh",2017,2017-10-28,,Weather Station,Maximum Temperature,C,30.9,
"Jessore, Bangladesh",2017,2017-10-29,,Weather Station,Maximum Temperature,C,29.8,
"Jessore, Bangladesh",2017,2017-10-30,,Weather Station,Maximum Temperature,C,29.5,
"Jessore, Bangladesh",2017,2017-10-31,,Weather Station,Maximum Temperature,C,29.6,
"Jessore, Bangladesh",2017,2017-11-01,,Weather Station,Maximum Temperature,C,29,
"Jessore, Bangladesh",2017,2017-11-02,,Weather Station,Maximum Temperature,C,28.7,
"Jessore, Bangladesh",2017,2017-11-03,,Weather Station,Maximum Temperature,C,28.7,
"Jessore, Bangladesh",2017,2017-11-04,,Weather Station,Maximum Temperature,C,29,
"Jessore, Bangladesh",2017,2017-11-05,,Weather Station,Maximum Temperature,C,28.1,
"Jessore, Bangladesh",2017,2017-11-06,,Weather Station,Maximum Temperature,C,28.3,
"Jessore, Bangladesh",2017,2017-11-07,,Weather Station,Maximum Temperature,C,29.6,
"Jessore, Bangladesh",2017,2017-11-08,,Weather Station,Maximum Temperature,C,29.6,
"Jessore, Bangladesh",2017,2017-11-09,,Weather Station,Maximum Temperature,C,28.7,
"Jessore, Bangladesh",2017,2017-11-10,,Weather Station,Maximum Temperature,C,28.4,
"Jessore, Bangladesh",2017,2017-11-11,,Weather Station,Maximum Temperature,C,28.5,
"Jessore, Bangladesh",2017,2017-11-12,,Weather Station,Maximum Temperature,C,28.3,
"Jessore, Bangladesh",2017,2017-11-13,,Weather Station,Maximum Temperature,C,28.2,
"Jessore, Bangladesh",2017,2017-11-14,,Weather Station,Maximum Temperature,C,28.9,
"Jessore, Bangladesh",2017,2017-11-15,,Weather Station,Maximum Temperature,C,28.3,
"Jessore, Bangladesh",2017,2017-11-16,,Weather Station,Maximum Temperature,C,28.7,
"Jessore, Bangladesh",2017,2017-11-17,,Weather Station,Maximum Temperature,C,29.6,
"Jessore, Bangladesh",2017,2017-11-18,,Weather Station,Maximum Temperature,C,28.3,
"Jessore, Bangladesh",2017,2017-11-19,,Weather Station,Maximum Temperature,C,29.2,
"Jessore, Bangladesh",2017,2017-11-20,,Weather Station,Maximum Temperature,C,28.7,
"Jessore, Bangladesh",2017,2017-11-21,,Weather Station,Maximum Temperature,C,28.9,
"Jessore, Bangladesh",2017,2017-11-22,,Weather Station,Maximum Temperature,C,28.2,
"Jessore, Bangladesh",2017,2017-11-23,,Weather Station,Maximum Temperature,C,28.7,
"Jessore, Bangladesh",2017,2017-11-24,,Weather Station,Maximum Temperature,C,28.7,
"Jessore, Bangladesh",2017,2017-11-25,,Weather Station,Maximum Temperature,C,28,
"Jessore, Bangladesh",2017,2017-11-26,,Weather Station,Maximum Temperature,C,27.9,
"Jessore, Bangladesh",2017,2017-11-27,,Weather Station,Maximum Temperature,C,28.6,
"Jessore, Bangladesh",2017,2017-11-28,,Weather Station,Maximum Temperature,C,28.2,
"Jessore, Bangladesh",2017,2017-11-29,,Weather Station,Maximum Temperature,C,29.1,
"Jessore, Bangladesh",2017,2017-11-30,,Weather Station,Maximum Temperature,C,28.3,
"Jessore, Bangladesh",2017,2017-12-01,,Weather Station,Maximum Temperature,C,29.89,
"Jessore, Bangladesh",2017,2017-12-02,,Weather Station,Maximum Temperature,C,30.14,
"Jessore, Bangladesh",2017,2017-12-03,,Weather Station,Maximum Temperature,C,30.09,
"Jessore, Bangladesh",2017,2017-12-04,,Weather Station,Maximum Temperature,C,28.69,
"Jessore, Bangladesh",2017,2017-12-05,,Weather Station,Maximum Temperature,C,29.77,
"Jessore, Bangladesh",2017,2017-12-06,,Weather Station,Maximum Temperature,C,29.66,
"Jessore, Bangladesh",2017,2017-12-07,,Weather Station,Maximum Temperature,C,30.52,
"Jessore, Bangladesh",2017,2017-12-08,,Weather Station,Maximum Temperature,C,25.91,
"Jessore, Bangladesh",2017,2017-12-09,,Weather Station,Maximum Temperature,C,22.25,
"Jessore, Bangladesh",2017,2017-12-10,,Weather Station,Maximum Temperature,C,23.14,
"Jessore, Bangladesh",2017,2017-12-11,,Weather Station,Maximum Temperature,C,28.12,
"Jessore, Bangladesh",2017,2017-12-12,,Weather Station,Maximum Temperature,C,30.6,
"Jessore, Bangladesh",2017,2017-12-13,,Weather Station,Maximum Temperature,C,30.44,
"Jessore, Bangladesh",2017,2017-12-14,,Weather Station,Maximum Temperature,C,31,
"Jessore, Bangladesh",2017,2017-12-15,,Weather Station,Maximum Temperature,C,28.79,
"Jessore, Bangladesh",2017,2017-12-16,,Weather Station,Maximum Temperature,C,27.8,
"Jessore, Bangladesh",2017,2017-12-17,,Weather Station,Maximum Temperature,C,26.96,
"Jessore, Bangladesh",2017,2017-12-18,,Weather Station,Maximum Temperature,C,26.18,
"Jessore, Bangladesh",2017,2017-12-19,,Weather Station,Maximum Temperature,C,23.59,
"Jessore, Bangladesh",2017,2017-12-20,,Weather Station,Maximum Temperature,C,23.95,
"Jessore, Bangladesh",2017,2017-12-21,,Weather Station,Maximum Temperature,C,26.6,
"Jessore, Bangladesh",2017,2017-12-22,,Weather Station,Maximum Temperature,C,28.17,
"Jessore, Bangladesh",2017,2017-12-23,,Weather Station,Maximum Temperature,C,28.99,
"Jessore, Bangladesh",2017,2017-12-24,,Weather Station,Maximum Temperature,C,27.55,
"Jessore, Bangladesh",2017,2017-12-25,,Weather Station,Maximum Temperature,C,28.07,
"Jessore, Bangladesh",2017,2017-12-26,,Weather Station,Maximum Temperature,C,27.38,
"Jessore, Bangladesh",2017,2017-12-27,,Weather Station,Maximum Temperature,C,28.62,
"Jessore, Bangladesh",2017,2017-12-28,,Weather Station,Maximum Temperature,C,28.99,
"Jessore, Bangladesh",2017,2017-12-29,,Weather Station,Maximum Temperature,C,27.85,
"Jessore, Bangladesh",2017,2017-12-30,,Weather Station,Maximum Temperature,C,29.19,
"Jessore, Bangladesh",2017,2017-12-31,,Weather Station,Maximum Temperature,C,29.87,
"Jessore, Bangladesh",2017,2018-01-01,,Weather Station,Maximum Temperature,C,28.1,
"Jessore, Bangladesh",2017,2018-01-02,,Weather Station,Maximum Temperature,C,27.65,
"Jessore, Bangladesh",2017,2018-01-03,,Weather Station,Maximum Temperature,C,25.96,
"Jessore, Bangladesh",2017,2018-01-04,,Weather Station,Maximum Temperature,C,18.56,
"Jessore, Bangladesh",2017,2018-01-05,,Weather Station,Maximum Temperature,C,24.56,
"Jessore, Bangladesh",2017,2018-01-06,,Weather Station,Maximum Temperature,C,25.72,
"Jessore, Bangladesh",2017,2018-01-07,,Weather Station,Maximum Temperature,C,23.3,
"Jessore, Bangladesh",2017,2018-01-08,,Weather Station,Maximum Temperature,C,22.08,
"Jessore, Bangladesh",2017,2018-01-09,,Weather Station,Maximum Temperature,C,24.63,
"Jessore, Bangladesh",2017,2018-01-10,,Weather Station,Maximum Temperature,C,24.03,
"Jessore, Bangladesh",2017,2018-01-11,,Weather Station,Maximum Temperature,C,19.94,
"Jessore, Bangladesh",2017,2018-01-12,,Weather Station,Maximum Temperature,C,22.06,
"Jessore, Bangladesh",2017,2018-01-13,,Weather Station,Maximum Temperature,C,20.29,
"Jessore, Bangladesh",2017,2018-01-14,,Weather Station,Maximum Temperature,C,20.96,
"Jessore, Bangladesh",2017,2018-01-15,,Weather Station,Maximum Temperature,C,24.63,
"Jessore, Bangladesh",2017,2018-01-16,,Weather Station,Maximum Temperature,C,24.56,
"Jessore, Bangladesh",2017,2018-01-17,,Weather Station,Maximum Temperature,C,25.82,
"Jessore, Bangladesh",2017,2018-01-18,,Weather Station,Maximum Temperature,C,25.82,
"Jessore, Bangladesh",2017,2018-01-19,,Weather Station,Maximum Temperature,C,28.15,
"Jessore, Bangladesh",2017,2018-01-20,,Weather Station,Maximum Temperature,C,26.57,
"Jessore, Bangladesh",2017,2018-01-21,,Weather Station,Maximum Temperature,C,26.48,
"Jessore, Bangladesh",2017,2018-01-22,,Weather Station,Maximum Temperature,C,27.01,
"Jessore, Bangladesh",2017,2018-01-23,,Weather Station,Maximum Temperature,C,28.32,
"Jessore, Bangladesh",2017,2018-01-24,,Weather Station,Maximum Temperature,C,29.19,
"Jessore, Bangladesh",2017,2018-01-25,,Weather Station,Maximum Temperature,C,27.28,
"Jessore, Bangladesh",2017,2018-01-26,,Weather Station,Maximum Temperature,C,25.38,
"Jessore, Bangladesh",2017,2018-01-27,,Weather Station,Maximum Temperature,C,27.19,
"Jessore, Bangladesh",2017,2018-01-28,,Weather Station,Maximum Temperature,C,27.31,
"Jessore, Bangladesh",2017,2018-01-29,,Weather Station,Maximum Temperature,C,27.43,
"Jessore, Bangladesh",2017,2018-01-30,,Weather Station,Maximum Temperature,C,28.77,
"Jessore, Bangladesh",2017,2018-01-31,,Weather Station,Maximum Temperature,C,27.33,
"Jessore, Bangladesh",2017,2018-02-01,,Weather Station,Maximum Temperature,C,28.47,
"Jessore, Bangladesh",2017,2018-02-02,,Weather Station,Maximum Temperature,C,29.71,
"Jessore, Bangladesh",2017,2018-02-03,,Weather Station,Maximum Temperature,C,31.46,
"Jessore, Bangladesh",2017,2018-02-04,,Weather Station,Maximum Temperature,C,30.39,
"Jessore, Bangladesh",2017,2018-02-05,,Weather Station,Maximum Temperature,C,30.87,
"Jessore, Bangladesh",2017,2018-02-06,,Weather Station,Maximum Temperature,C,31.56,
"Jessore, Bangladesh",2017,2018-02-07,,Weather Station,Maximum Temperature,C,29.49,
"Jessore, Bangladesh",2017,2018-02-08,,Weather Station,Maximum Temperature,C,29.49,
"Jessore, Bangladesh",2017,2018-02-09,,Weather Station,Maximum Temperature,C,33.11,
"Jessore, Bangladesh",2017,2018-02-10,,Weather Station,Maximum Temperature,C,29.92,
"Jessore, Bangladesh",2017,2018-02-11,,Weather Station,Maximum Temperature,C,30.62,
"Jessore, Bangladesh",2017,2018-02-12,,Weather Station,Maximum Temperature,C,23.04,
"Jessore, Bangladesh",2017,2018-02-13,,Weather Station,Maximum Temperature,C,31.79,
"Jessore, Bangladesh",2017,2018-02-14,,Weather Station,Maximum Temperature,C,30.98,
"Jessore, Bangladesh",2017,2018-02-15,,Weather Station,Maximum Temperature,C,29.46,
"Jessore, Bangladesh",2017,2018-02-16,,Weather Station,Maximum Temperature,C,30.57,
"Jessore, Bangladesh",2017,2018-02-17,,Weather Station,Maximum Temperature,C,31.33,
"Jessore, Bangladesh",2017,2018-02-18,,Weather Station,Maximum Temperature,C,32.82,
"Jessore, Bangladesh",2017,2018-02-19,,Weather Station,Maximum Temperature,C,32.87,
"Jessore, Bangladesh",2017,2018-02-20,,Weather Station,Maximum Temperature,C,34.28,
"Jessore, Bangladesh",2017,2018-02-21,,Weather Station,Maximum Temperature,C,32.85,
"Jessore, Bangladesh",2017,2018-02-22,,Weather Station,Maximum Temperature,C,33.7,
"Jessore, Bangladesh",2017,2018-02-23,,Weather Station,Maximum Temperature,C,35.85,
"Jessore, Bangladesh",2017,2018-02-24,,Weather Station,Maximum Temperature,C,34.94,
"Jessore, Bangladesh",2017,2018-02-25,,Weather Station,Maximum Temperature,C,35.96,
"Jessore, Bangladesh",2017,2018-02-26,,Weather Station,Maximum Temperature,C,35.34,
"Jessore, Bangladesh",2017,2018-02-27,,Weather Station,Maximum Temperature,C,34.89,
"Jessore, Bangladesh",2017,2018-02-28,,Weather Station,Maximum Temperature,C,35.45,
"Jessore, Bangladesh",2017,2018-03-01,,Weather Station,Maximum Temperature,C,36.71,
"Jessore, Bangladesh",2017,2018-03-02,,Weather Station,Maximum Temperature,C,36.71,
"Jessore, Bangladesh",2017,2018-03-03,,Weather Station,Maximum Temperature,C,37.73,
"Jessore, Bangladesh",2017,2018-03-04,,Weather Station,Maximum Temperature,C,36.82,
"Jessore, Bangladesh",2017,2018-03-05,,Weather Station,Maximum Temperature,C,34.86,
"Jessore, Bangladesh",2017,2018-03-06,,Weather Station,Maximum Temperature,C,35.64,
"Jessore, Bangladesh",2017,2018-03-07,,Weather Station,Maximum Temperature,C,35.1,
"Jessore, Bangladesh",2017,2018-03-08,,Weather Station,Maximum Temperature,C,35.72,
"Jessore, Bangladesh",2017,2018-03-09,,Weather Station,Maximum Temperature,C,37.23,
"Jessore, Bangladesh",2017,2018-03-10,,Weather Station,Maximum Temperature,C,37.84,
"Jessore, Bangladesh",2017,2018-03-11,,Weather Station,Maximum Temperature,C,39.18,
"Jessore, Bangladesh",2017,2018-03-12,,Weather Station,Maximum Temperature,C,38.59,
"Jessore, Bangladesh",2017,2018-03-13,,Weather Station,Maximum Temperature,C,37.73,
"Jessore, Bangladesh",2017,2018-03-14,,Weather Station,Maximum Temperature,C,35.31,
"Jessore, Bangladesh",2017,2018-03-15,,Weather Station,Maximum Temperature,C,38,
"Jessore, Bangladesh",2017,2018-03-16,,Weather Station,Maximum Temperature,C,37.67,
"Jessore, Bangladesh",2017,2018-03-17,,Weather Station,Maximum Temperature,C,39.46,
"Jessore, Bangladesh",2017,2018-03-18,,Weather Station,Maximum Temperature,C,37.78,
"Jessore, Bangladesh",2017,2018-03-19,,Weather Station,Maximum Temperature,C,37.73,
"Jessore, Bangladesh",2017,2018-03-20,,Weather Station,Maximum Temperature,C,37.48,
"Jessore, Bangladesh",2017,2018-03-21,,Weather Station,Maximum Temperature,C,35.66,
"Jessore, Bangladesh",2017,2018-03-22,,Weather Station,Maximum Temperature,C,37.62,
"Jessore, Bangladesh",2017,2018-03-23,,Weather Station,Maximum Temperature,C,38.9,
"Jessore, Bangladesh",2017,2018-03-24,,Weather Station,Maximum Temperature,C,37.29,
"Jessore, Bangladesh",2017,2018-03-25,,Weather Station,Maximum Temperature,C,38.2,
"Jessore, Bangladesh",2017,2018-03-26,,Weather Station,Maximum Temperature,C,36.39,
"Jessore, Bangladesh",2017,2018-03-27,,Weather Station,Maximum Temperature,C,36.47,
"Jessore, Bangladesh",2017,2018-03-28,,Weather Station,Maximum Temperature,C,35.64,
"Jessore, Bangladesh",2017,2018-03-29,,Weather Station,Maximum Temperature,C,35.64,
"Jessore, Bangladesh",2017,2018-03-30,,Weather Station,Maximum Temperature,C,37.18,
"Jessore, Bangladesh",2017,2018-03-31,,Weather Station,Maximum Temperature,C,37.18,
"Jessore, Bangladesh",2017,2018-04-01,,Weather Station,Maximum Temperature,C,31.64,
"Jessore, Bangladesh",2017,2018-04-02,,Weather Station,Maximum Temperature,C,31.64,
"Jessore, Bangladesh",2017,2018-04-03,,Weather Station,Maximum Temperature,C,37.48,
"Jessore, Bangladesh",2017,2018-04-04,,Weather Station,Maximum Temperature,C,35.77,
"Jessore, Bangladesh",2017,2018-04-05,,Weather Station,Maximum Temperature,C,36.09,
"Jessore, Bangladesh",2017,2018-04-06,,Weather Station,Maximum Temperature,C,37.01,
"Jessore, Bangladesh",2017,2018-04-07,,Weather Station,Maximum Temperature,C,34.28,
"Jessore, Bangladesh",2017,2018-04-08,,Weather Station,Maximum Temperature,C,36.28,
"Jessore, Bangladesh",2017,2018-04-09,,Weather Station,Maximum Temperature,C,35.9,
"Jessore, Bangladesh",2017,2018-04-10,,Weather Station,Maximum Temperature,C,35.21,
"Jessore, Bangladesh",2017,2018-04-11,,Weather Station,Maximum Temperature,C,36.61,
"Jessore, Bangladesh",2017,2018-04-12,,Weather Station,Maximum Temperature,C,35.21,
"Jessore, Bangladesh",2017,2018-04-13,,Weather Station,Maximum Temperature,C,37.76,
"Jessore, Bangladesh",2017,2018-04-14,,Weather Station,Maximum Temperature,C,38.11,
"Jessore, Bangladesh",2017,2018-04-15,,Weather Station,Maximum Temperature,C,38.62,
"Jessore, Bangladesh",2017,2018-04-16,,Weather Station,Maximum Temperature,C,38.59,
"Jessore, Bangladesh",2017,2018-04-17,,Weather Station,Maximum Temperature,C,35.96,
"Jessore, Bangladesh",2017,2018-04-18,,Weather Station,Maximum Temperature,C,38.31,
"Jessore, Bangladesh",2017,2018-04-19,,Weather Station,Maximum Temperature,C,37.23,
"Jessore, Bangladesh",2017,2018-04-20,,Weather Station,Maximum Temperature,C,39.8,
"Jessore, Bangladesh",2017,2018-04-21,,Weather Station,Maximum Temperature,C,38.98,
"Jessore, Bangladesh",2017,2018-04-22,,Weather Station,Maximum Temperature,C,35.96,
"Jessore, Bangladesh",2017,2018-04-23,,Weather Station,Maximum Temperature,C,35.53,
"Jessore, Bangladesh",2017,2018-04-24,,Weather Station,Maximum Temperature,C,32.3,
"Jessore, Bangladesh",2017,2018-04-25,,Weather Station,Maximum Temperature,C,35.16,
"Jessore, Bangladesh",2017,2018-04-26,,Weather Station,Maximum Temperature,C,35.96,
"Jessore, Bangladesh",2017,2018-04-27,,Weather Station,Maximum Temperature,C,33.03,
"Jessore, Bangladesh",2017,2018-04-28,,Weather Station,Maximum Temperature,C,38.98,
"Jessore, Bangladesh",2017,2018-04-29,,Weather Station,Maximum Temperature,C,35.53,
"Jessore, Bangladesh",2017,2018-04-30,,Weather Station,Maximum Temperature,C,32.3,
"Jessore, Bangladesh",2017,2017-10-01,,Weather Station,Minimum Temperature,C,19.3,
"Jessore, Bangladesh",2017,2017-10-02,,Weather Station,Minimum Temperature,C,19.2,
"Jessore, Bangladesh",2017,2017-10-03,,Weather Station,Minimum Temperature,C,18.5,
"Jessore, Bangladesh",2017,2017-10-04,,Weather Station,Minimum Temperature,C,18.6,
"Jessore, Bangladesh",2017,2017-10-05,,Weather Station,Minimum Temperature,C,18.6,
"Jessore, Bangladesh",2017,2017-10-06,,Weather Station,Minimum Temperature,C,17.9,
"Jessore, Bangladesh",2017,2017-10-07,,Weather Station,Minimum Temperature,C,18.6,
"Jessore, Bangladesh",2017,2017-10-08,,Weather Station,Minimum Temperature,C,17.9,
"Jessore, Bangladesh",2017,2017-10-09,,Weather Station,Minimum Temperature,C,17.3,
"Jessore, Bangladesh",2017,2017-10-10,,Weather Station,Minimum Temperature,C,15.6,
"Jessore, Bangladesh",2017,2017-10-11,,Weather Station,Minimum Temperature,C,15.2,
"Jessore, Bangladesh",2017,2017-10-12,,Weather Station,Minimum Temperature,C,15.6,
"Jessore, Bangladesh",2017,2017-10-13,,Weather Station,Minimum Temperature,C,14.5,
"Jessore, Bangladesh",2017,2017-10-14,,Weather Station,Minimum Temperature,C,14.8,
"Jessore, Bangladesh",2017,2017-10-15,,Weather Station,Minimum Temperature,C,15.3,
"Jessore, Bangladesh",2017,2017-10-16,,Weather Station,Minimum Temperature,C,17.3,
"Jessore, Bangladesh",2017,2017-10-17,,Weather Station,Minimum Temperature,C,16.4,
"Jessore, Bangladesh",2017,2017-10-18,,Weather Station,Minimum Temperature,C,15.2,
"Jessore, Bangladesh",2017,2017-10-19,,Weather Station,Minimum Temperature,C,14.2,
"Jessore, Bangladesh",2017,2017-10-20,,Weather Station,Minimum Temperature,C,14.3,
"Jessore, Bangladesh",2017,2017-10-21,,Weather Station,Minimum Temperature,C,14.9,
"Jessore, Bangladesh",2017,2017-10-22,,Weather Station,Minimum Temperature,C,14.6,
"Jessore, Bangladesh",2017,2017-10-23,,Weather Station,Minimum Temperature,C,14.2,
"Jessore, Bangladesh",2017,2017-10-24,,Weather Station,Minimum Temperature,C,14.6,
"Jessore, Bangladesh",2017,2017-10-25,,Weather Station,Minimum Temperature,C,14.9,
"Jessore, Bangladesh",2017,2017-10-26,,Weather Station,Minimum Temperature,C,13.9,
"Jessore, Bangladesh",2017,2017-10-27,,Weather Station,Minimum Temperature,C,13.8,
"Jessore, Bangladesh",2017,2017-10-28,,Weather Station,Minimum Temperature,C,14,
"Jessore, Bangladesh",2017,2017-10-29,,Weather Station,Minimum Temperature,C,14.5,
"Jessore, Bangladesh",2017,2017-10-30,,Weather Station,Minimum Temperature,C,14.5,
"Jessore, Bangladesh",2017,2017-10-31,,Weather Station,Minimum Temperature,C,15.6,
"Jessore, Bangladesh",2017,2017-11-01,,Weather Station,Minimum Temperature,C,15.6,
"Jessore, Bangladesh",2017,2017-11-02,,Weather Station,Minimum Temperature,C,16,
"Jessore, Bangladesh",2017,2017-11-03,,Weather Station,Minimum Temperature,C,15.3,
"Jessore, Bangladesh",2017,2017-11-04,,Weather Station,Minimum Temperature,C,14.9,
"Jessore, Bangladesh",2017,2017-11-05,,Weather Station,Minimum Temperature,C,14.6,
"Jessore, Bangladesh",2017,2017-11-06,,Weather Station,Minimum Temperature,C,15,
"Jessore, Bangladesh",2017,2017-11-07,,Weather Station,Minimum Temperature,C,14.7,
"Jessore, Bangladesh",2017,2017-11-08,,Weather Station,Minimum Temperature,C,14.9,
"Jessore, Bangladesh",2017,2017-11-09,,Weather Station,Minimum Temperature,C,14.6,
"Jessore, Bangladesh",2017,2017-11-10,,Weather Station,Minimum Temperature,C,15,
"Jessore, Bangladesh",2017,2017-11-11,,Weather Station,Minimum Temperature,C,16.2,
"Jessore, Bangladesh",2017,2017-11-12,,Weather Station,Minimum Temperature,C,15.6,
"Jessore, Bangladesh",2017,2017-11-13,,Weather Station,Minimum Temperature,C,14.6,
"Jessore, Bangladesh",2017,2017-11-14,,Weather Station,Minimum Temperature,C,14,
"Jessore, Bangladesh",2017,2017-11-15,,Weather Station,Minimum Temperature,C,14.7,
"Jessore, Bangladesh",2017,2017-11-16,,Weather Station,Minimum Temperature,C,14.7,
"Jessore, Bangladesh",2017,2017-11-17,,Weather Station,Minimum Temperature,C,15.2,
"Jessore, Bangladesh",2017,2017-11-18,,Weather Station,Minimum Temperature,C,16.6,
"Jessore, Bangladesh",2017,2017-11-19,,Weather Station,Minimum Temperature,C,15.7,
"Jessore, Bangladesh",2017,2017-11-20,,Weather Station,Minimum Temperature,C,14.4,
"Jessore, Bangladesh",2017,2017-11-21,,Weather Station,Minimum Temperature,C,14,
"Jessore, Bangladesh",2017,2017-11-22,,Weather Station,Minimum Temperature,C,14.8,
"Jessore, Bangladesh",2017,2017-11-23,,Weather Station,Minimum Temperature,C,15.3,
"Jessore, Bangladesh",2017,2017-11-24,,Weather Station,Minimum Temperature,C,15.2,
"Jessore, Bangladesh",2017,2017-11-25,,Weather Station,Minimum Temperature,C,14.6,
"Jessore, Bangladesh",2017,2017-11-26,,Weather Station,Minimum Temperature,C,14.6,
"Jessore, Bangladesh",2017,2017-11-27,,Weather Station,Minimum Temperature,C,14.5,
"Jessore, Bangladesh",2017,2017-11-28,,Weather Station,Minimum Temperature,C,14.9,
"Jessore, Bangladesh",2017,2017-11-29,,Weather Station,Minimum Temperature,C,14.7,
"Jessore, Bangladesh",2017,2017-11-30,,Weather Station,Minimum Temperature,C,14,
"Jessore, Bangladesh",2017,2017-12-01,,Weather Station,Minimum Temperature,C,14.86,
"Jessore, Bangladesh",2017,2017-12-02,,Weather Station,Minimum Temperature,C,15.08,
"Jessore, Bangladesh",2017,2017-12-03,,Weather Station,Minimum Temperature,C,15.01,
"Jessore, Bangladesh",2017,2017-12-04,,Weather Station,Minimum Temperature,C,15.08,
"Jessore, Bangladesh",2017,2017-12-05,,Weather Station,Minimum Temperature,C,14.58,
"Jessore, Bangladesh",2017,2017-12-06,,Weather Station,Minimum Temperature,C,15.99,
"Jessore, Bangladesh",2017,2017-12-07,,Weather Station,Minimum Temperature,C,19.22,
"Jessore, Bangladesh",2017,2017-12-08,,Weather Station,Minimum Temperature,C,20.25,
"Jessore, Bangladesh",2017,2017-12-09,,Weather Station,Minimum Temperature,C,19.44,
"Jessore, Bangladesh",2017,2017-12-10,,Weather Station,Minimum Temperature,C,21.58,
"Jessore, Bangladesh",2017,2017-12-11,,Weather Station,Minimum Temperature,C,20.22,
"Jessore, Bangladesh",2017,2017-12-12,,Weather Station,Minimum Temperature,C,19.22,
"Jessore, Bangladesh",2017,2017-12-13,,Weather Station,Minimum Temperature,C,17.49,
"Jessore, Bangladesh",2017,2017-12-14,,Weather Station,Minimum Temperature,C,15.65,
"Jessore, Bangladesh",2017,2017-12-15,,Weather Station,Minimum Temperature,C,14.84,
"Jessore, Bangladesh",2017,2017-12-16,,Weather Station,Minimum Temperature,C,12.19,
"Jessore, Bangladesh",2017,2017-12-17,,Weather Station,Minimum Temperature,C,11.1,
"Jessore, Bangladesh",2017,2017-12-18,,Weather Station,Minimum Temperature,C,14.89,
"Jessore, Bangladesh",2017,2017-12-19,,Weather Station,Minimum Temperature,C,13.64,
"Jessore, Bangladesh",2017,2017-12-20,,Weather Station,Minimum Temperature,C,12.92,
"Jessore, Bangladesh",2017,2017-12-21,,Weather Station,Minimum Temperature,C,12.65,
"Jessore, Bangladesh",2017,2017-12-22,,Weather Station,Minimum Temperature,C,11.93,
"Jessore, Bangladesh",2017,2017-12-23,,Weather Station,Minimum Temperature,C,13.21,
"Jessore, Bangladesh",2017,2017-12-24,,Weather Station,Minimum Temperature,C,12.12,
"Jessore, Bangladesh",2017,2017-12-25,,Weather Station,Minimum Temperature,C,12.7,
"Jessore, Bangladesh",2017,2017-12-26,,Weather Station,Minimum Temperature,C,12.53,
"Jessore, Bangladesh",2017,2017-12-27,,Weather Station,Minimum Temperature,C,10.88,
"Jessore, Bangladesh",2017,2017-12-28,,Weather Station,Minimum Temperature,C,12.46,
"Jessore, Bangladesh",2017,2017-12-29,,Weather Station,Minimum Temperature,C,12.73,
"Jessore, Bangladesh",2017,2017-12-30,,Weather Station,Minimum Temperature,C,11.54,
"Jessore, Bangladesh",2017,2017-12-31,,Weather Station,Minimum Temperature,C,12.85,
"Jessore, Bangladesh",2017,2018-01-01,,Weather Station,Minimum Temperature,C,11.86,
"Jessore, Bangladesh",2017,2018-01-02,,Weather Station,Minimum Temperature,C,12.9,
"Jessore, Bangladesh",2017,2018-01-03,,Weather Station,Minimum Temperature,C,9.26,
"Jessore, Bangladesh",2017,2018-01-04,,Weather Station,Minimum Temperature,C,6.86,
"Jessore, Bangladesh",2017,2018-01-05,,Weather Station,Minimum Temperature,C,8.19,
"Jessore, Bangladesh",2017,2018-01-06,,Weather Station,Minimum Temperature,C,7.42,
"Jessore, Bangladesh",2017,2018-01-07,,Weather Station,Minimum Temperature,C,5.39,
"Jessore, Bangladesh",2017,2018-01-08,,Weather Station,Minimum Temperature,C,6.59,
"Jessore, Bangladesh",2017,2018-01-09,,Weather Station,Minimum Temperature,C,5.51,
"Jessore, Bangladesh",2017,2018-01-10,,Weather Station,Minimum Temperature,C,6.43,
"Jessore, Bangladesh",2017,2018-01-11,,Weather Station,Minimum Temperature,C,6.56,
"Jessore, Bangladesh",2017,2018-01-12,,Weather Station,Minimum Temperature,C,7.04,
"Jessore, Bangladesh",2017,2018-01-13,,Weather Station,Minimum Temperature,C,9.34,
"Jessore, Bangladesh",2017,2018-01-14,,Weather Station,Minimum Temperature,C,9.34,
"Jessore, Bangladesh",2017,2018-01-15,,Weather Station,Minimum Temperature,C,8.79,
"Jessore, Bangladesh",2017,2018-01-16,,Weather Station,Minimum Temperature,C,8.54,
"Jessore, Bangladesh",2017,2018-01-17,,Weather Station,Minimum Temperature,C,8.12,
"Jessore, Bangladesh",2017,2018-01-18,,Weather Station,Minimum Temperature,C,8.12,
"Jessore, Bangladesh",2017,2018-01-19,,Weather Station,Minimum Temperature,C,8.02,
"Jessore, Bangladesh",2017,2018-01-20,,Weather Station,Minimum Temperature,C,8.12,
"Jessore, Bangladesh",2017,2018-01-21,,Weather Station,Minimum Temperature,C,9.04,
"Jessore, Bangladesh",2017,2018-01-22,,Weather Station,Minimum Temperature,C,8.42,
"Jessore, Bangladesh",2017,2018-01-23,,Weather Station,Minimum Temperature,C,9.76,
"Jessore, Bangladesh",2017,2018-01-24,,Weather Station,Minimum Temperature,C,11.78,
"Jessore, Bangladesh",2017,2018-01-25,,Weather Station,Minimum Temperature,C,10.25,
"Jessore, Bangladesh",2017,2018-01-26,,Weather Station,Minimum Temperature,C,10.44,
"Jessore, Bangladesh",2017,2018-01-27,,Weather Station,Minimum Temperature,C,8.77,
"Jessore, Bangladesh",2017,2018-01-28,,Weather Station,Minimum Temperature,C,9.16,
"Jessore, Bangladesh",2017,2018-01-29,,Weather Station,Minimum Temperature,C,9.06,
"Jessore, Bangladesh",2017,2018-01-30,,Weather Station,Minimum Temperature,C,10.15,
"Jessore, Bangladesh",2017,2018-01-31,,Weather Station,Minimum Temperature,C,11.54,
"Jessore, Bangladesh",2017,2018-02-01,,Weather Station,Minimum Temperature,C,11.81,
"Jessore, Bangladesh",2017,2018-02-02,,Weather Station,Minimum Temperature,C,12.29,
"Jessore, Bangladesh",2017,2018-02-03,,Weather Station,Minimum Temperature,C,13.35,
"Jessore, Bangladesh",2017,2018-02-04,,Weather Station,Minimum Temperature,C,17.51,
"Jessore, Bangladesh",2017,2018-02-05,,Weather Station,Minimum Temperature,C,17.51,
"Jessore, Bangladesh",2017,2018-02-06,,Weather Station,Minimum Temperature,C,15.58,
"Jessore, Bangladesh",2017,2018-02-07,,Weather Station,Minimum Temperature,C,13.5,
"Jessore, Bangladesh",2017,2018-02-08,,Weather Station,Minimum Temperature,C,15.7,
"Jessore, Bangladesh",2017,2018-02-09,,Weather Station,Minimum Temperature,C,14.34,
"Jessore, Bangladesh",2017,2018-02-10,,Weather Station,Minimum Temperature,C,17.87,
"Jessore, Bangladesh",2017,2018-02-11,,Weather Station,Minimum Temperature,C,13.21,
"Jessore, Bangladesh",2017,2018-02-12,,Weather Station,Minimum Temperature,C,14.24,
"Jessore, Bangladesh",2017,2018-02-13,,Weather Station,Minimum Temperature,C,15.34,
"Jessore, Bangladesh",2017,2018-02-14,,Weather Station,Minimum Temperature,C,14.17,
"Jessore, Bangladesh",2017,2018-02-15,,Weather Station,Minimum Temperature,C,11.54,
"Jessore, Bangladesh",2017,2018-02-16,,Weather Station,Minimum Temperature,C,12.97,
"Jessore, Bangladesh",2017,2018-02-17,,Weather Station,Minimum Temperature,C,14.36,
"Jessore, Bangladesh",2017,2018-02-18,,Weather Station,Minimum Temperature,C,14.96,
"Jessore, Bangladesh",2017,2018-02-19,,Weather Station,Minimum Temperature,C,16.8,
"Jessore, Bangladesh",2017,2018-02-20,,Weather Station,Minimum Temperature,C,17.39,
"Jessore, Bangladesh",2017,2018-02-21,,Weather Station,Minimum Temperature,C,16.65,
"Jessore, Bangladesh",2017,2018-02-22,,Weather Station,Minimum Temperature,C,16.61,
"Jessore, Bangladesh",2017,2018-02-23,,Weather Station,Minimum Temperature,C,20.1,
"Jessore, Bangladesh",2017,2018-02-24,,Weather Station,Minimum Temperature,C,17.94,
"Jessore, Bangladesh",2017,2018-02-25,,Weather Station,Minimum Temperature,C,17.53,
"Jessore, Bangladesh",2017,2018-02-26,,Weather Station,Minimum Temperature,C,19.17,
"Jessore, Bangladesh",2017,2018-02-27,,Weather Station,Minimum Temperature,C,18.82,
"Jessore, Bangladesh",2017,2018-02-28,,Weather Station,Minimum Temperature,C,17.77,
"Jessore, Bangladesh",2017,2018-03-01,,Weather Station,Minimum Temperature,C,21.77,
"Jessore, Bangladesh",2017,2018-03-02,,Weather Station,Minimum Temperature,C,21.77,
"Jessore, Bangladesh",2017,2018-03-03,,Weather Station,Minimum Temperature,C,22.82,
"Jessore, Bangladesh",2017,2018-03-04,,Weather Station,Minimum Temperature,C,20.32,
"Jessore, Bangladesh",2017,2018-03-05,,Weather Station,Minimum Temperature,C,16.51,
"Jessore, Bangladesh",2017,2018-03-06,,Weather Station,Minimum Temperature,C,13.5,
"Jessore, Bangladesh",2017,2018-03-07,,Weather Station,Minimum Temperature,C,15.13,
"Jessore, Bangladesh",2017,2018-03-08,,Weather Station,Minimum Temperature,C,16.15,
"Jessore, Bangladesh",2017,2018-03-09,,Weather Station,Minimum Temperature,C,15.58,
"Jessore, Bangladesh",2017,2018-03-10,,Weather Station,Minimum Temperature,C,17.75,
"Jessore, Bangladesh",2017,2018-03-11,,Weather Station,Minimum Temperature,C,22.68,
"Jessore, Bangladesh",2017,2018-03-12,,Weather Station,Minimum Temperature,C,17.8,
"Jessore, Bangladesh",2017,2018-03-13,,Weather Station,Minimum Temperature,C,18.44,
"Jessore, Bangladesh",2017,2018-03-14,,Weather Station,Minimum Temperature,C,24.41,
"Jessore, Bangladesh",2017,2018-03-15,,Weather Station,Minimum Temperature,C,21.25,
"Jessore, Bangladesh",2017,2018-03-16,,Weather Station,Minimum Temperature,C,19.22,
"Jessore, Bangladesh",2017,2018-03-17,,Weather Station,Minimum Temperature,C,20.58,
"Jessore, Bangladesh",2017,2018-03-18,,Weather Station,Minimum Temperature,C,16.25,
"Jessore, Bangladesh",2017,2018-03-19,,Weather Station,Minimum Temperature,C,20.17,
"Jessore, Bangladesh",2017,2018-03-20,,Weather Station,Minimum Temperature,C,22.63,
"Jessore, Bangladesh",2017,2018-03-21,,Weather Station,Minimum Temperature,C,21.49,
"Jessore, Bangladesh",2017,2018-03-22,,Weather Station,Minimum Temperature,C,22.87,
"Jessore, Bangladesh",2017,2018-03-23,,Weather Station,Minimum Temperature,C,24.36,
"Jessore, Bangladesh",2017,2018-03-24,,Weather Station,Minimum Temperature,C,22.35,
"Jessore, Bangladesh",2017,2018-03-25,,Weather Station,Minimum Temperature,C,23.93,
"Jessore, Bangladesh",2017,2018-03-26,,Weather Station,Minimum Temperature,C,23.52,
"Jessore, Bangladesh",2017,2018-03-27,,Weather Station,Minimum Temperature,C,23.33,
"Jessore, Bangladesh",2017,2018-03-28,,Weather Station,Minimum Temperature,C,24.05,
"Jessore, Bangladesh",2017,2018-03-29,,Weather Station,Minimum Temperature,C,20.34,
"Jessore, Bangladesh",2017,2018-03-30,,Weather Station,Minimum Temperature,C,18.72,
"Jessore, Bangladesh",2017,2018-03-31,,Weather Station,Minimum Temperature,C,18.72,
"Jessore, Bangladesh",2017,2018-04-01,,Weather Station,Minimum Temperature,C,19.29,
"Jessore, Bangladesh",2017,2018-04-02,,Weather Station,Minimum Temperature,C,19.29,
"Jessore, Bangladesh",2017,2018-04-03,,Weather Station,Minimum Temperature,C,20.53,
"Jessore, Bangladesh",2017,2018-04-04,,Weather Station,Minimum Temperature,C,20.25,
"Jessore, Bangladesh",2017,2018-04-05,,Weather Station,Minimum Temperature,C,20.41,
"Jessore, Bangladesh",2017,2018-04-06,,Weather Station,Minimum Temperature,C,20.27,
"Jessore, Bangladesh",2017,2018-04-07,,Weather Station,Minimum Temperature,C,20.53,
"Jessore, Bangladesh",2017,2018-04-08,,Weather Station,Minimum Temperature,C,20.72,
"Jessore, Bangladesh",2017,2018-04-09,,Weather Station,Minimum Temperature,C,20.01,
"Jessore, Bangladesh",2017,2018-04-10,,Weather Station,Minimum Temperature,C,22.85,
"Jessore, Bangladesh",2017,2018-04-11,,Weather Station,Minimum Temperature,C,19.22,
"Jessore, Bangladesh",2017,2018-04-12,,Weather Station,Minimum Temperature,C,19.51,
"Jessore, Bangladesh",2017,2018-04-13,,Weather Station,Minimum Temperature,C,24.6,
"Jessore, Bangladesh",2017,2018-04-14,,Weather Station,Minimum Temperature,C,21.72,
"Jessore, Bangladesh",2017,2018-04-15,,Weather Station,Minimum Temperature,C,23.71,
"Jessore, Bangladesh",2017,2018-04-16,,Weather Station,Minimum Temperature,C,22.47,
"Jessore, Bangladesh",2017,2018-04-17,,Weather Station,Minimum Temperature,C,21.06,
"Jessore, Bangladesh",2017,2018-04-18,,Weather Station,Minimum Temperature,C,23.26,
"Jessore, Bangladesh",2017,2018-04-19,,Weather Station,Minimum Temperature,C,26.06,
"Jessore, Bangladesh",2017,2018-04-20,,Weather Station,Minimum Temperature,C,22.39,
"Jessore, Bangladesh",2017,2018-04-21,,Weather Station,Minimum Temperature,C,19.41,
"Jessore, Bangladesh",2017,2018-04-22,,Weather Station,Minimum Temperature,C,20.34,
"Jessore, Bangladesh",2017,2018-04-23,,Weather Station,Minimum Temperature,C,23.69,
"Jessore, Bangladesh",2017,2018-04-24,,Weather Station,Minimum Temperature,C,19.41,
"Jessore, Bangladesh",2017,2018-04-25,,Weather Station,Minimum Temperature,C,21.65,
"Jessore, Bangladesh",2017,2018-04-26,,Weather Station,Minimum Temperature,C,20.72,
"Jessore, Bangladesh",2017,2018-04-27,,Weather Station,Minimum Temperature,C,20.34,
"Jessore, Bangladesh",2017,2018-04-28,,Weather Station,Minimum Temperature,C,23.54,
"Jessore, Bangladesh",2017,2018-04-29,,Weather Station,Minimum Temperature,C,23.69,
"Jessore, Bangladesh",2017,2018-04-30,,Weather Station,Minimum Temperature,C,19.41,
